unit,tra_meas,airp_pr\time	2018Q1 	2018M03 	2018M02 	2018M01 	2017Q4 	2017Q3 	2017Q2 	2017Q1 	2017M12 	2017M11 	2017M10 	2017M09 	2017M08 	2017M07 	2017M06 	2017M05 	2017M04 	2017M03 	2017M02 	2017M01 	2017 	2016Q4 	2016Q3 	2016Q2 	2016Q1 	2016M12 	2016M11 	2016M10 	2016M09 	2016M08 	2016M07 	2016M06 	2016M05 	2016M04 	2016M03 	2016M02 	2016M01 	2016 
FLIGHT,CAF_PAS,ME_LYPG_AT_LOWW	: 	: 	: 	: 	220 	308 	283 	200 	64 	68 	88 	94 	106 	108 	100 	98 	85 	72 	64 	64 	1011 	259 	310 	290 	210 	68 	70 	121 	98 	106 	106 	102 	96 	92 	74 	68 	68 	1069 
FLIGHT,CAF_PAS,ME_LYPG_BE_EBCI	: 	: 	: 	: 	54 	52 	52 	52 	20 	16 	18 	16 	18 	18 	18 	16 	18 	18 	16 	18 	210 	52 	52 	52 	52 	18 	16 	18 	18 	16 	18 	18 	18 	16 	18 	18 	16 	208 
FLIGHT,CAF_PAS,ME_LYPG_CH_LSZH	: 	: 	: 	: 	76 	146 	110 	70 	22 	24 	30 	40 	52 	54 	42 	36 	32 	24 	21 	25 	402 	78 	148 	113 	60 	25 	22 	31 	42 	52 	54 	47 	36 	30 	20 	16 	24 	399 
FLIGHT,CAF_PAS,ME_LYPG_DE_EDDB	: 	: 	: 	: 	54 	52 	53 	52 	18 	18 	18 	16 	18 	18 	18 	17 	18 	18 	16 	18 	211 	: 	: 	: 	: 	: 	: 	: 	: 	: 	: 	: 	: 	: 	: 	: 	: 	: 
FLIGHT,CAF_PAS,ME_LYPG_DE_EDDF	: 	: 	: 	: 	68 	123 	92 	56 	22 	18 	28 	35 	44 	44 	40 	26 	26 	20 	16 	20 	339 	69 	125 	90 	57 	21 	16 	32 	38 	43 	44 	38 	26 	26 	18 	16 	23 	341 
FLIGHT,CAF_PAS,ME_LYPG_DE_EDJA	: 	: 	: 	: 	53 	52 	52 	49 	19 	16 	18 	16 	18 	18 	18 	16 	18 	18 	16 	15 	206 	: 	: 	: 	: 	: 	: 	: 	: 	: 	: 	: 	: 	: 	: 	: 	: 	: 
FLIGHT,CAF_PAS,ME_LYPG_FR_LFPG	: 	: 	: 	: 	61 	188 	139 	57 	24 	16 	21 	48 	72 	68 	50 	45 	44 	15 	20 	22 	445 	72 	186 	161 	54 	22 	16 	34 	48 	70 	68 	52 	70 	39 	18 	16 	20 	473 
FLIGHT,CAF_PAS,ME_LYPG_HU_LHBP	: 	: 	: 	: 	72 	54 	53 	: 	26 	27 	19 	18 	18 	18 	16 	20 	17 	: 	: 	: 	179 	: 	: 	: 	: 	: 	: 	: 	: 	: 	: 	: 	: 	: 	: 	: 	: 	: 
FLIGHT,CAF_PAS,ME_LYPG_IT_LIMC	: 	: 	: 	: 	52 	54 	52 	50 	18 	16 	18 	18 	18 	18 	16 	18 	18 	16 	16 	18 	208 	: 	: 	: 	: 	: 	: 	: 	: 	: 	: 	: 	: 	: 	: 	: 	: 	: 
FLIGHT,CAF_PAS,ME_LYPG_IT_LIRF	: 	: 	: 	: 	184 	276 	258 	157 	52 	50 	82 	84 	96 	96 	88 	84 	86 	58 	46 	53 	875 	163 	202 	181 	156 	52 	49 	62 	62 	72 	68 	61 	62 	58 	54 	50 	52 	702 
FLIGHT,CAF_PAS,ME_LYPG_RS_LYBE	839 	290 	251 	298 	894 	935 	929 	875 	298 	284 	312 	299 	315 	321 	301 	320 	308 	306 	265 	304 	3633 	898 	930 	937 	864 	306 	284 	308 	304 	315 	311 	304 	325 	308 	305 	266 	293 	3629 
FLIGHT,CAF_PAS,ME_LYPG_RU_UUDD	: 	: 	: 	: 	: 	: 	: 	: 	: 	: 	: 	: 	: 	: 	: 	: 	: 	: 	: 	: 	: 	8 	159 	65 	1 	2 	: 	6 	36 	57 	66 	58 	7 	: 	: 	1 	: 	233 
FLIGHT,CAF_PAS,ME_LYPG_RU_UUWW	: 	: 	: 	: 	2 	109 	43 	: 	: 	: 	2 	37 	34 	38 	40 	3 	: 	: 	: 	: 	154 	: 	: 	: 	: 	: 	: 	: 	: 	: 	: 	: 	: 	: 	: 	: 	: 	: 
FLIGHT,CAF_PAS,ME_LYPG_SE_ESKN	: 	: 	: 	: 	50 	52 	52 	: 	16 	16 	18 	16 	18 	18 	18 	16 	18 	: 	: 	: 	154 	: 	: 	: 	: 	: 	: 	: 	: 	: 	: 	: 	: 	: 	: 	: 	: 	: 
FLIGHT,CAF_PAS,ME_LYPG_SI_LJLJ	: 	: 	: 	: 	261 	261 	191 	151 	87 	84 	90 	86 	87 	88 	79 	62 	50 	52 	46 	53 	864 	150 	158 	155 	153 	46 	52 	52 	52 	54 	52 	52 	52 	51 	54 	50 	49 	616 
FLIGHT,CAF_PAS,ME_LYPG_TR_LTBA	183 	69 	52 	62 	228 	334 	310 	156 	60 	60 	108 	112 	116 	106 	106 	104 	100 	66 	46 	44 	1028 	220 	310 	306 	158 	58 	58 	104 	102 	108 	100 	102 	106 	98 	62 	48 	48 	994 
FLIGHT,CAF_PAS,ME_LYPG_UK_EGSS	: 	: 	: 	: 	54 	52 	52 	54 	18 	18 	18 	16 	18 	18 	16 	18 	18 	18 	16 	20 	212 	54 	52 	52 	54 	20 	16 	18 	16 	18 	18 	18 	18 	16 	18 	16 	20 	212 
FLIGHT,CAF_PAS,ME_LYTV_BY_UMMS	: 	: 	: 	: 	6 	182 	74 	: 	: 	: 	6 	58 	62 	62 	62 	10 	2 	: 	: 	: 	262 	6 	176 	64 	: 	: 	: 	6 	56 	57 	63 	54 	8 	2 	: 	: 	: 	246 
FLIGHT,CAF_PAS,ME_LYTV_IL_LLBG	: 	: 	: 	: 	23 	84 	65 	: 	: 	: 	23 	34 	23 	27 	30 	16 	19 	: 	: 	: 	172 	: 	: 	: 	: 	: 	: 	: 	: 	: 	: 	: 	: 	: 	: 	: 	: 	: 
FLIGHT,CAF_PAS,ME_LYTV_RS_LYBE	: 	: 	: 	: 	506 	1045 	786 	410 	144 	131 	231 	292 	376 	377 	327 	241 	218 	163 	125 	122 	2747 	527 	1334 	833 	420 	149 	142 	236 	355 	485 	494 	366 	240 	227 	155 	128 	137 	3114 
FLIGHT,CAF_PAS,ME_LYTV_RU_ULLI	: 	: 	: 	: 	8 	442 	158 	: 	: 	: 	8 	130 	158 	154 	140 	16 	2 	: 	: 	: 	608 	8 	368 	129 	2 	: 	: 	8 	104 	135 	129 	115 	12 	2 	: 	: 	2 	507 
FLIGHT,CAF_PAS,ME_LYTV_RU_UUDD	: 	: 	: 	: 	215 	1243 	670 	140 	52 	52 	111 	343 	449 	451 	409 	169 	92 	51 	35 	54 	2268 	239 	1308 	611 	182 	60 	51 	128 	383 	463 	462 	374 	149 	88 	65 	48 	69 	2340 
FLIGHT,CAF_PAS,ME_LYTV_RU_UUEE	: 	: 	: 	: 	153 	410 	257 	110 	45 	46 	62 	130 	140 	140 	134 	63 	60 	46 	30 	34 	930 	144 	422 	263 	172 	36 	46 	62 	138 	142 	142 	136 	66 	61 	58 	58 	56 	1001 
FLIGHT,CAF_PAS,ME_LYTV_RU_UUWW	: 	: 	: 	: 	52 	231 	104 	: 	18 	16 	18 	61 	84 	86 	84 	20 	: 	: 	: 	: 	387 	: 	134 	44 	: 	: 	: 	: 	50 	46 	38 	42 	2 	: 	: 	: 	: 	178 
FLIGHT,CAF_PAS,ME_LYTV_UA_UKKK	: 	: 	: 	: 	: 	247 	71 	: 	: 	: 	: 	67 	85 	95 	51 	16 	4 	: 	: 	: 	318 	4 	213 	72 	: 	: 	: 	4 	58 	79 	76 	53 	15 	4 	: 	: 	: 	289 
FLIGHT,CAF_PAS,ME_LYTV_UK_EGCC	: 	: 	: 	: 	16 	52 	52 	4 	: 	: 	16 	16 	18 	18 	16 	18 	18 	4 	: 	: 	124 	: 	: 	: 	: 	: 	: 	: 	: 	: 	: 	: 	: 	: 	: 	: 	: 	: 
FLIGHT,CAF_PAS,ME_LYTV_UK_EGKK	: 	: 	: 	: 	27 	115 	82 	4 	: 	: 	27 	36 	40 	39 	36 	28 	18 	4 	: 	: 	228 	27 	136 	60 	: 	: 	: 	27 	42 	44 	50 	40 	18 	2 	: 	: 	: 	223 
FLIGHT,CAF_PAS_ARR,ME_LYPG_AT_LOWW	: 	: 	: 	: 	110 	154 	142 	100 	32 	34 	44 	47 	53 	54 	50 	49 	43 	36 	32 	32 	506 	130 	155 	145 	105 	34 	35 	61 	49 	53 	53 	51 	48 	46 	37 	34 	34 	535 
FLIGHT,CAF_PAS_ARR,ME_LYPG_BE_EBCI	: 	: 	: 	: 	27 	26 	26 	26 	10 	8 	9 	8 	9 	9 	9 	8 	9 	9 	8 	9 	105 	26 	26 	26 	26 	9 	8 	9 	9 	8 	9 	9 	9 	8 	9 	9 	8 	104 
FLIGHT,CAF_PAS_ARR,ME_LYPG_CH_LSZH	: 	: 	: 	: 	38 	73 	55 	39 	11 	12 	15 	20 	26 	27 	21 	18 	16 	14 	12 	13 	205 	38 	74 	56 	30 	12 	11 	15 	21 	26 	27 	23 	18 	15 	10 	8 	12 	198 
FLIGHT,CAF_PAS_ARR,ME_LYPG_DE_EDDB	: 	: 	: 	: 	27 	26 	26 	26 	9 	9 	9 	8 	9 	9 	9 	8 	9 	9 	8 	9 	105 	: 	: 	: 	: 	: 	: 	: 	: 	: 	: 	: 	: 	: 	: 	: 	: 	: 
FLIGHT,CAF_PAS_ARR,ME_LYPG_DE_EDDF	: 	: 	: 	: 	34 	61 	46 	28 	11 	9 	14 	17 	22 	22 	20 	13 	13 	10 	8 	10 	169 	35 	62 	45 	29 	11 	8 	16 	19 	21 	22 	19 	13 	13 	9 	8 	12 	171 
FLIGHT,CAF_PAS_ARR,ME_LYPG_DE_EDJA	: 	: 	: 	: 	26 	26 	26 	24 	9 	8 	9 	8 	9 	9 	9 	8 	9 	9 	8 	7 	102 	: 	: 	: 	: 	: 	: 	: 	: 	: 	: 	: 	: 	: 	: 	: 	: 	: 
FLIGHT,CAF_PAS_ARR,ME_LYPG_FR_LFPG	: 	: 	: 	: 	31 	94 	70 	29 	12 	8 	11 	24 	36 	34 	25 	23 	22 	8 	10 	11 	224 	36 	93 	82 	27 	11 	8 	17 	24 	35 	34 	26 	36 	20 	9 	8 	10 	238 
FLIGHT,CAF_PAS_ARR,ME_LYPG_HU_LHBP	: 	: 	: 	: 	37 	27 	26 	: 	13 	14 	10 	9 	9 	9 	8 	10 	8 	: 	: 	: 	90 	: 	: 	: 	: 	: 	: 	: 	: 	: 	: 	: 	: 	: 	: 	: 	: 	: 
FLIGHT,CAF_PAS_ARR,ME_LYPG_IT_LIMC	: 	: 	: 	: 	26 	27 	26 	25 	9 	8 	9 	9 	9 	9 	8 	9 	9 	8 	8 	9 	104 	: 	: 	: 	: 	: 	: 	: 	: 	: 	: 	: 	: 	: 	: 	: 	: 	: 
FLIGHT,CAF_PAS_ARR,ME_LYPG_IT_LIRF	: 	: 	: 	: 	92 	138 	129 	79 	26 	25 	41 	42 	48 	48 	44 	42 	43 	29 	23 	27 	438 	81 	101 	90 	78 	26 	24 	31 	31 	36 	34 	30 	31 	29 	27 	25 	26 	350 
FLIGHT,CAF_PAS_ARR,ME_LYPG_RS_LYBE	421 	147 	125 	149 	448 	467 	466 	442 	149 	142 	157 	150 	157 	160 	151 	161 	154 	153 	134 	155 	1823 	450 	465 	469 	434 	153 	143 	154 	152 	158 	155 	152 	163 	154 	153 	134 	147 	1818 
FLIGHT,CAF_PAS_ARR,ME_LYPG_RU_UUDD	: 	: 	: 	: 	: 	: 	: 	: 	: 	: 	: 	: 	: 	: 	: 	: 	: 	: 	: 	: 	: 	4 	79 	33 	1 	1 	: 	3 	18 	28 	33 	29 	4 	: 	: 	1 	: 	117 
FLIGHT,CAF_PAS_ARR,ME_LYPG_RU_UUWW	: 	: 	: 	: 	1 	54 	22 	: 	: 	: 	1 	18 	17 	19 	20 	2 	: 	: 	: 	: 	77 	: 	: 	: 	: 	: 	: 	: 	: 	: 	: 	: 	: 	: 	: 	: 	: 	: 
FLIGHT,CAF_PAS_ARR,ME_LYPG_SE_ESKN	: 	: 	: 	: 	25 	26 	26 	: 	8 	8 	9 	8 	9 	9 	9 	8 	9 	: 	: 	: 	77 	: 	: 	: 	: 	: 	: 	: 	: 	: 	: 	: 	: 	: 	: 	: 	: 	: 
FLIGHT,CAF_PAS_ARR,ME_LYPG_SI_LJLJ	: 	: 	: 	: 	130 	131 	95 	75 	43 	42 	45 	43 	44 	44 	39 	31 	25 	25 	23 	27 	431 	75 	79 	77 	77 	23 	26 	26 	26 	27 	26 	26 	26 	25 	27 	25 	25 	308 
FLIGHT,CAF_PAS_ARR,ME_LYPG_TR_LTBA	91 	34 	26 	31 	114 	167 	155 	78 	30 	30 	54 	56 	58 	53 	53 	52 	50 	33 	23 	22 	514 	110 	155 	153 	79 	29 	29 	52 	51 	54 	50 	51 	53 	49 	31 	24 	24 	497 
FLIGHT,CAF_PAS_ARR,ME_LYPG_UK_EGSS	: 	: 	: 	: 	27 	26 	26 	27 	9 	9 	9 	8 	9 	9 	8 	9 	9 	9 	8 	10 	106 	27 	26 	26 	27 	10 	8 	9 	8 	9 	9 	9 	9 	8 	9 	8 	10 	106 
FLIGHT,CAF_PAS_ARR,ME_LYTV_BY_UMMS	: 	: 	: 	: 	3 	91 	37 	: 	: 	: 	3 	29 	31 	31 	31 	5 	1 	: 	: 	: 	131 	6 	90 	31 	: 	: 	: 	6 	28 	31 	31 	26 	4 	1 	: 	: 	: 	127 
FLIGHT,CAF_PAS_ARR,ME_LYTV_IL_LLBG	: 	: 	: 	: 	12 	41 	34 	: 	: 	: 	12 	17 	11 	13 	15 	8 	11 	: 	: 	: 	87 	: 	: 	: 	: 	: 	: 	: 	: 	: 	: 	: 	: 	: 	: 	: 	: 	: 
FLIGHT,CAF_PAS_ARR,ME_LYTV_RS_LYBE	: 	: 	: 	: 	251 	523 	392 	200 	72 	65 	114 	146 	188 	189 	163 	120 	109 	81 	61 	58 	1366 	263 	666 	416 	207 	74 	71 	118 	178 	242 	246 	182 	120 	114 	77 	62 	68 	1552 
FLIGHT,CAF_PAS_ARR,ME_LYTV_RU_ULLI	: 	: 	: 	: 	4 	219 	79 	: 	: 	: 	4 	64 	78 	77 	70 	8 	1 	: 	: 	: 	302 	7 	183 	66 	1 	: 	: 	7 	52 	67 	64 	59 	6 	1 	: 	: 	1 	257 
FLIGHT,CAF_PAS_ARR,ME_LYTV_RU_UUDD	: 	: 	: 	: 	109 	628 	337 	67 	26 	26 	57 	173 	227 	228 	205 	86 	46 	25 	17 	25 	1141 	130 	656 	303 	89 	30 	25 	75 	192 	233 	231 	185 	74 	44 	32 	23 	34 	1178 
FLIGHT,CAF_PAS_ARR,ME_LYTV_RU_UUEE	: 	: 	: 	: 	77 	204 	129 	55 	23 	23 	31 	64 	70 	70 	67 	32 	30 	23 	15 	17 	465 	73 	211 	132 	86 	18 	23 	32 	69 	71 	71 	68 	33 	31 	29 	29 	28 	502 
FLIGHT,CAF_PAS_ARR,ME_LYTV_RU_UUWW	: 	: 	: 	: 	26 	115 	52 	: 	9 	8 	9 	30 	42 	43 	42 	10 	: 	: 	: 	: 	193 	: 	67 	22 	: 	: 	: 	: 	25 	23 	19 	21 	1 	: 	: 	: 	: 	89 
FLIGHT,CAF_PAS_ARR,ME_LYTV_UA_UKKK	: 	: 	: 	: 	: 	124 	36 	: 	: 	: 	: 	34 	43 	47 	26 	8 	2 	: 	: 	: 	160 	4 	109 	38 	: 	: 	: 	4 	30 	40 	39 	28 	8 	2 	: 	: 	: 	151 
FLIGHT,CAF_PAS_ARR,ME_LYTV_UK_EGCC	: 	: 	: 	: 	8 	26 	26 	2 	: 	: 	8 	8 	9 	9 	8 	9 	9 	2 	: 	: 	62 	: 	: 	: 	: 	: 	: 	: 	: 	: 	: 	: 	: 	: 	: 	: 	: 	: 
FLIGHT,CAF_PAS_ARR,ME_LYTV_UK_EGKK	: 	: 	: 	: 	12 	51 	40 	2 	: 	: 	12 	16 	18 	17 	17 	14 	9 	2 	: 	: 	105 	13 	68 	30 	: 	: 	: 	13 	21 	22 	25 	20 	9 	1 	: 	: 	: 	111 
FLIGHT,CAF_PAS_DEP,ME_LYPG_AT_LOWW	: 	: 	: 	: 	110 	154 	141 	100 	32 	34 	44 	47 	53 	54 	50 	49 	42 	36 	32 	32 	505 	129 	155 	145 	105 	34 	35 	60 	49 	53 	53 	51 	48 	46 	37 	34 	34 	534 
FLIGHT,CAF_PAS_DEP,ME_LYPG_BE_EBCI	: 	: 	: 	: 	27 	26 	26 	26 	10 	8 	9 	8 	9 	9 	9 	8 	9 	9 	8 	9 	105 	26 	26 	26 	26 	9 	8 	9 	9 	8 	9 	9 	9 	8 	9 	9 	8 	104 
FLIGHT,CAF_PAS_DEP,ME_LYPG_CH_LSZH	: 	: 	: 	: 	38 	73 	55 	31 	11 	12 	15 	20 	26 	27 	21 	18 	16 	10 	9 	12 	197 	40 	74 	57 	30 	13 	11 	16 	21 	26 	27 	24 	18 	15 	10 	8 	12 	201 
FLIGHT,CAF_PAS_DEP,ME_LYPG_DE_EDDB	: 	: 	: 	: 	27 	26 	27 	26 	9 	9 	9 	8 	9 	9 	9 	9 	9 	9 	8 	9 	106 	: 	: 	: 	: 	: 	: 	: 	: 	: 	: 	: 	: 	: 	: 	: 	: 	: 
FLIGHT,CAF_PAS_DEP,ME_LYPG_DE_EDDF	: 	: 	: 	: 	34 	62 	46 	28 	11 	9 	14 	18 	22 	22 	20 	13 	13 	10 	8 	10 	170 	34 	63 	45 	28 	10 	8 	16 	19 	22 	22 	19 	13 	13 	9 	8 	11 	170 
FLIGHT,CAF_PAS_DEP,ME_LYPG_DE_EDJA	: 	: 	: 	: 	27 	26 	26 	25 	10 	8 	9 	8 	9 	9 	9 	8 	9 	9 	8 	8 	104 	: 	: 	: 	: 	: 	: 	: 	: 	: 	: 	: 	: 	: 	: 	: 	: 	: 
FLIGHT,CAF_PAS_DEP,ME_LYPG_FR_LFPG	: 	: 	: 	: 	30 	94 	69 	28 	12 	8 	10 	24 	36 	34 	25 	22 	22 	7 	10 	11 	221 	36 	93 	79 	27 	11 	8 	17 	24 	35 	34 	26 	34 	19 	9 	8 	10 	235 
FLIGHT,CAF_PAS_DEP,ME_LYPG_HU_LHBP	: 	: 	: 	: 	35 	27 	27 	: 	13 	13 	9 	9 	9 	9 	8 	10 	9 	: 	: 	: 	89 	: 	: 	: 	: 	: 	: 	: 	: 	: 	: 	: 	: 	: 	: 	: 	: 	: 
FLIGHT,CAF_PAS_DEP,ME_LYPG_IT_LIMC	: 	: 	: 	: 	26 	27 	26 	25 	9 	8 	9 	9 	9 	9 	8 	9 	9 	8 	8 	9 	104 	: 	: 	: 	: 	: 	: 	: 	: 	: 	: 	: 	: 	: 	: 	: 	: 	: 
FLIGHT,CAF_PAS_DEP,ME_LYPG_IT_LIRF	: 	: 	: 	: 	92 	138 	129 	78 	26 	25 	41 	42 	48 	48 	44 	42 	43 	29 	23 	26 	437 	82 	101 	91 	78 	26 	25 	31 	31 	36 	34 	31 	31 	29 	27 	25 	26 	352 
FLIGHT,CAF_PAS_DEP,ME_LYPG_RS_LYBE	418 	143 	126 	149 	446 	468 	463 	433 	149 	142 	155 	149 	158 	161 	150 	159 	154 	153 	131 	149 	1810 	448 	465 	468 	430 	153 	141 	154 	152 	157 	156 	152 	162 	154 	152 	132 	146 	1811 
FLIGHT,CAF_PAS_DEP,ME_LYPG_RU_UUDD	: 	: 	: 	: 	: 	: 	: 	: 	: 	: 	: 	: 	: 	: 	: 	: 	: 	: 	: 	: 	: 	4 	80 	32 	: 	1 	: 	3 	18 	29 	33 	29 	3 	: 	: 	: 	: 	116 
FLIGHT,CAF_PAS_DEP,ME_LYPG_RU_UUWW	: 	: 	: 	: 	1 	55 	21 	: 	: 	: 	1 	19 	17 	19 	20 	1 	: 	: 	: 	: 	77 	: 	: 	: 	: 	: 	: 	: 	: 	: 	: 	: 	: 	: 	: 	: 	: 	: 
FLIGHT,CAF_PAS_DEP,ME_LYPG_SE_ESKN	: 	: 	: 	: 	25 	26 	26 	: 	8 	8 	9 	8 	9 	9 	9 	8 	9 	: 	: 	: 	77 	: 	: 	: 	: 	: 	: 	: 	: 	: 	: 	: 	: 	: 	: 	: 	: 	: 
FLIGHT,CAF_PAS_DEP,ME_LYPG_SI_LJLJ	: 	: 	: 	: 	131 	130 	96 	76 	44 	42 	45 	43 	43 	44 	40 	31 	25 	27 	23 	26 	433 	75 	79 	78 	76 	23 	26 	26 	26 	27 	26 	26 	26 	26 	27 	25 	24 	308 
FLIGHT,CAF_PAS_DEP,ME_LYPG_TR_LTBA	92 	35 	26 	31 	114 	167 	155 	78 	30 	30 	54 	56 	58 	53 	53 	52 	50 	33 	23 	22 	514 	110 	155 	153 	79 	29 	29 	52 	51 	54 	50 	51 	53 	49 	31 	24 	24 	497 
FLIGHT,CAF_PAS_DEP,ME_LYPG_UK_EGSS	: 	: 	: 	: 	27 	26 	26 	27 	9 	9 	9 	8 	9 	9 	8 	9 	9 	9 	8 	10 	106 	27 	26 	26 	27 	10 	8 	9 	8 	9 	9 	9 	9 	8 	9 	8 	10 	106 
FLIGHT,CAF_PAS_DEP,ME_LYTV_BY_UMMS	: 	: 	: 	: 	3 	91 	37 	: 	: 	: 	3 	29 	31 	31 	31 	5 	1 	: 	: 	: 	131 	: 	86 	33 	: 	: 	: 	: 	28 	26 	32 	28 	4 	1 	: 	: 	: 	119 
FLIGHT,CAF_PAS_DEP,ME_LYTV_IL_LLBG	: 	: 	: 	: 	11 	43 	31 	: 	: 	: 	11 	17 	12 	14 	15 	8 	8 	: 	: 	: 	85 	: 	: 	: 	: 	: 	: 	: 	: 	: 	: 	: 	: 	: 	: 	: 	: 	: 
FLIGHT,CAF_PAS_DEP,ME_LYTV_RS_LYBE	: 	: 	: 	: 	255 	522 	394 	210 	72 	66 	117 	146 	188 	188 	164 	121 	109 	82 	64 	64 	1381 	264 	668 	417 	213 	75 	71 	118 	177 	243 	248 	184 	120 	113 	78 	66 	69 	1562 
FLIGHT,CAF_PAS_DEP,ME_LYTV_RU_ULLI	: 	: 	: 	: 	4 	223 	79 	: 	: 	: 	4 	66 	80 	77 	70 	8 	1 	: 	: 	: 	306 	1 	185 	63 	1 	: 	: 	1 	52 	68 	65 	56 	6 	1 	: 	: 	1 	250 
FLIGHT,CAF_PAS_DEP,ME_LYTV_RU_UUDD	: 	: 	: 	: 	106 	615 	333 	73 	26 	26 	54 	170 	222 	223 	204 	83 	46 	26 	18 	29 	1127 	109 	652 	308 	93 	30 	26 	53 	191 	230 	231 	189 	75 	44 	33 	25 	35 	1162 
FLIGHT,CAF_PAS_DEP,ME_LYTV_RU_UUEE	: 	: 	: 	: 	76 	206 	128 	55 	22 	23 	31 	66 	70 	70 	67 	31 	30 	23 	15 	17 	465 	71 	211 	131 	86 	18 	23 	30 	69 	71 	71 	68 	33 	30 	29 	29 	28 	499 
FLIGHT,CAF_PAS_DEP,ME_LYTV_RU_UUWW	: 	: 	: 	: 	26 	116 	52 	: 	9 	8 	9 	31 	42 	43 	42 	10 	: 	: 	: 	: 	194 	: 	67 	22 	: 	: 	: 	: 	25 	23 	19 	21 	1 	: 	: 	: 	: 	89 
FLIGHT,CAF_PAS_DEP,ME_LYTV_UA_UKKK	: 	: 	: 	: 	: 	123 	35 	: 	: 	: 	: 	33 	42 	48 	25 	8 	2 	: 	: 	: 	158 	: 	104 	34 	: 	: 	: 	: 	28 	39 	37 	25 	7 	2 	: 	: 	: 	138 
FLIGHT,CAF_PAS_DEP,ME_LYTV_UK_EGCC	: 	: 	: 	: 	8 	26 	26 	2 	: 	: 	8 	8 	9 	9 	8 	9 	9 	2 	: 	: 	62 	: 	: 	: 	: 	: 	: 	: 	: 	: 	: 	: 	: 	: 	: 	: 	: 	: 
FLIGHT,CAF_PAS_DEP,ME_LYTV_UK_EGKK	: 	: 	: 	: 	15 	64 	42 	2 	: 	: 	15 	20 	22 	22 	19 	14 	9 	2 	: 	: 	123 	14 	68 	30 	: 	: 	: 	14 	21 	22 	25 	20 	9 	1 	: 	: 	: 	112 
PAS,PAS_BRD,ME_LYPG_AT_LOWW	: 	: 	: 	: 	13988 	33542 	22228 	10717 	3269 	4075 	6644 	9156 	12336 	12050 	8914 	7402 	5912 	4169 	3186 	3362 	80475 	18531 	31299 	18587 	11379 	3865 	4492 	10174 	8572 	12130 	10597 	7214 	6174 	5199 	4472 	3517 	3390 	79796 
PAS,PAS_BRD,ME_LYPG_BE_EBCI	: 	: 	: 	: 	9375 	9404 	9326 	8714 	3511 	2684 	3180 	2845 	3291 	3268 	3200 	2867 	3259 	3030 	2708 	2976 	36819 	8682 	9321 	9018 	8394 	3051 	2517 	3114 	3151 	2932 	3238 	3114 	3150 	2754 	2914 	2969 	2511 	35415 
PAS,PAS_BRD,ME_LYPG_CH_LSZH	: 	: 	: 	: 	4635 	11692 	6323 	3271 	1341 	1267 	2027 	2897 	4288 	4507 	2346 	1857 	2120 	1019 	898 	1354 	25921 	4327 	11926 	6501 	3491 	1280 	988 	2059 	2813 	4461 	4652 	2394 	2399 	1708 	1228 	930 	1333 	26245 
PAS,PAS_BRD,ME_LYPG_DE_EDDB	: 	: 	: 	: 	8893 	9425 	9204 	8076 	2966 	2740 	3187 	2899 	3278 	3248 	3180 	2958 	3066 	2945 	2541 	2590 	35598 	: 	: 	: 	: 	: 	: 	: 	: 	: 	: 	: 	: 	: 	: 	: 	: 	: 
PAS,PAS_BRD,ME_LYPG_DE_EDDF	: 	: 	: 	: 	4741 	11108 	6312 	3137 	1378 	1079 	2284 	3206 	4068 	3834 	2681 	1724 	1907 	1159 	836 	1142 	25298 	4682 	11147 	5737 	3873 	1224 	1004 	2454 	3396 	4002 	3749 	2305 	1879 	1553 	1306 	1097 	1470 	25439 
PAS,PAS_BRD,ME_LYPG_DE_EDJA	: 	: 	: 	: 	7875 	8774 	8424 	6021 	2837 	2174 	2864 	2579 	3140 	3055 	2995 	2556 	2873 	2512 	1794 	1715 	31094 	: 	: 	: 	: 	: 	: 	: 	: 	: 	: 	: 	: 	: 	: 	: 	: 	: 
PAS,PAS_BRD,ME_LYPG_FR_LFPG	: 	: 	: 	: 	4385 	15802 	9698 	3448 	1459 	1035 	1891 	4313 	6243 	5246 	3149 	3534 	3015 	726 	1500 	1222 	33333 	4536 	16278 	11753 	3202 	1354 	807 	2375 	4142 	6258 	5878 	3687 	5377 	2689 	1039 	1064 	1099 	35769 
PAS,PAS_BRD,ME_LYPG_HU_LHBP	: 	: 	: 	: 	9297 	8631 	7312 	: 	3323 	3279 	2695 	2591 	3072 	2968 	2421 	2584 	2307 	: 	: 	: 	25240 	: 	: 	: 	: 	: 	: 	: 	: 	: 	: 	: 	: 	: 	: 	: 	: 	: 
PAS,PAS_BRD,ME_LYPG_IT_LIMC	: 	: 	: 	: 	7871 	8440 	8064 	6364 	2689 	2406 	2776 	2661 	2867 	2912 	2482 	2789 	2793 	2190 	1959 	2215 	30739 	: 	: 	: 	: 	: 	: 	: 	: 	: 	: 	: 	: 	: 	: 	: 	: 	: 
PAS,PAS_BRD,ME_LYPG_IT_LIRF	: 	: 	: 	: 	8345 	17642 	11415 	7094 	2240 	2270 	3835 	4956 	6840 	5846 	4470 	3636 	3309 	2569 	1920 	2605 	44496 	7951 	14186 	10588 	7502 	2356 	2379 	3216 	3841 	5524 	4821 	3878 	3571 	3139 	2673 	2173 	2656 	40227 
PAS,PAS_BRD,ME_LYPG_RS_LYBE	59652 	21672 	18537 	19443 	71841 	85881 	72488 	63703 	24063 	23028 	24750 	27635 	28288 	29958 	25372 	24213 	22903 	23092 	19685 	20926 	293913 	71023 	82780 	72244 	56827 	23593 	22761 	24669 	27195 	27673 	27912 	25569 	24714 	21961 	20513 	18058 	18256 	282874 
PAS,PAS_BRD,ME_LYPG_RU_UUDD	: 	: 	: 	: 	: 	: 	: 	: 	: 	: 	: 	: 	: 	: 	: 	: 	: 	: 	: 	: 	: 	1020 	22222 	7769 	64 	175 	: 	845 	4465 	8386 	9371 	6945 	824 	: 	: 	64 	: 	31075 
PAS,PAS_BRD,ME_LYPG_RU_UUWW	: 	: 	: 	: 	196 	19697 	7488 	: 	: 	: 	196 	6165 	6343 	7189 	7064 	424 	: 	: 	: 	: 	27381 	: 	: 	: 	: 	: 	: 	: 	: 	: 	: 	: 	: 	: 	: 	: 	: 	: 
PAS,PAS_BRD,ME_LYPG_SE_ESKN	: 	: 	: 	: 	7910 	8858 	7952 	: 	2354 	2487 	3069 	2790 	2889 	3179 	2649 	2478 	2825 	: 	: 	: 	24720 	: 	: 	: 	: 	: 	: 	: 	: 	: 	: 	: 	: 	: 	: 	: 	: 	: 
PAS,PAS_BRD,ME_LYPG_SI_LJLJ	: 	: 	: 	: 	12687 	18821 	10790 	7526 	3835 	3806 	5046 	6023 	6580 	6218 	4564 	3394 	2832 	2740 	2420 	2366 	49824 	8394 	12655 	9020 	7001 	2386 	2808 	3200 	4062 	4245 	4348 	3240 	3136 	2644 	2696 	2365 	1940 	37070 
PAS,PAS_BRD,ME_LYPG_TR_LTBA	19223 	7698 	5671 	5854 	24597 	40171 	28869 	12434 	6430 	6996 	11171 	12641 	14144 	13386 	11348 	9710 	7811 	5481 	3633 	3320 	106071 	16257 	31793 	22840 	11506 	4063 	4529 	7665 	10334 	11410 	10049 	7999 	8367 	6474 	4566 	3375 	3565 	82396 
PAS,PAS_BRD,ME_LYPG_UK_EGSS	: 	: 	: 	: 	9091 	9417 	9176 	9103 	2886 	3008 	3197 	2899 	3249 	3269 	2802 	3182 	3192 	3217 	2730 	3156 	36787 	8896 	9400 	9391 	9029 	3123 	2617 	3156 	2853 	3318 	3229 	3263 	3249 	2879 	3151 	2752 	3126 	36716 
PAS,PAS_BRD,ME_LYTV_BY_UMMS	: 	: 	: 	: 	323 	25740 	7818 	: 	: 	: 	323 	6673 	9673 	9394 	7148 	589 	81 	: 	: 	: 	33881 	408 	24519 	6504 	: 	: 	: 	408 	6988 	8408 	9123 	5831 	625 	48 	: 	: 	: 	31431 
PAS,PAS_BRD,ME_LYTV_IL_LLBG	: 	: 	: 	: 	3620 	12660 	9157 	: 	: 	: 	3620 	5460 	3484 	3716 	4375 	2040 	2742 	: 	: 	: 	25437 	: 	: 	: 	: 	: 	: 	: 	: 	: 	: 	: 	: 	: 	: 	: 	: 	: 
PAS,PAS_BRD,ME_LYTV_RS_LYBE	: 	: 	: 	: 	33034 	101976 	57750 	23793 	9066 	9114 	14854 	25523 	38590 	37863 	27146 	16498 	14106 	8810 	7852 	7131 	216553 	31728 	116639 	56790 	25131 	8663 	8571 	14494 	28147 	43982 	44510 	27687 	16410 	12693 	8514 	7603 	9014 	230288 
PAS,PAS_BRD,ME_LYTV_RU_ULLI	: 	: 	: 	: 	1100 	61841 	18856 	: 	: 	: 	1100 	17269 	22120 	22452 	17043 	1578 	235 	: 	: 	: 	81797 	1018 	47256 	13128 	149 	: 	: 	1018 	12723 	18272 	16261 	11720 	1222 	186 	: 	: 	149 	61551 
PAS,PAS_BRD,ME_LYTV_RU_UUDD	: 	: 	: 	: 	19404 	180986 	79889 	15563 	3511 	4318 	11575 	48120 	65917 	66949 	49659 	19450 	10780 	6199 	4152 	5212 	295842 	25011 	187465 	68540 	15357 	5228 	5034 	14749 	51886 	66905 	68674 	43125 	16328 	9087 	6061 	3461 	5835 	296373 
PAS,PAS_BRD,ME_LYTV_RU_UUEE	: 	: 	: 	: 	14766 	66981 	35243 	6903 	2490 	4198 	8078 	20607 	23011 	23363 	19384 	9288 	6571 	2833 	1987 	2083 	123893 	14240 	63848 	32930 	9458 	2180 	3871 	8189 	19674 	22674 	21500 	17981 	8770 	6179 	3716 	2725 	3017 	120476 
PAS,PAS_BRD,ME_LYTV_RU_UUWW	: 	: 	: 	: 	9416 	44140 	18224 	: 	3210 	2872 	3334 	11411 	16052 	16677 	14951 	3273 	: 	: 	: 	: 	71780 	: 	27291 	8845 	: 	: 	: 	: 	8826 	9832 	8633 	8581 	264 	: 	: 	: 	: 	36136 
PAS,PAS_BRD,ME_LYTV_UA_UKKK	: 	: 	: 	: 	: 	33250 	9097 	: 	: 	: 	: 	8522 	12361 	12367 	6241 	2399 	457 	: 	: 	: 	42347 	355 	29010 	8233 	: 	: 	: 	355 	7723 	11191 	10096 	6310 	1629 	294 	: 	: 	: 	37598 
PAS,PAS_BRD,ME_LYTV_UK_EGCC	: 	: 	: 	: 	2478 	9131 	8260 	375 	: 	: 	2478 	2792 	3137 	3202 	2733 	2752 	2775 	375 	: 	: 	20244 	: 	: 	: 	: 	: 	: 	: 	: 	: 	: 	: 	: 	: 	: 	: 	: 	: 
PAS,PAS_BRD,ME_LYTV_UK_EGKK	: 	: 	: 	: 	3335 	15252 	10976 	425 	: 	: 	3335 	4670 	5474 	5108 	4627 	3832 	2517 	425 	: 	: 	29988 	2995 	17040 	5629 	: 	: 	: 	2995 	5326 	5728 	5986 	4014 	1552 	63 	: 	: 	: 	25664 
PAS,PAS_BRD_ARR,ME_LYPG_AT_LOWW	: 	: 	: 	: 	6467 	16043 	11477 	5144 	1748 	1800 	2919 	3928 	5248 	6867 	4897 	3634 	2946 	2045 	1564 	1535 	39131 	9073 	15050 	9871 	5637 	1984 	2015 	5074 	3744 	5197 	6109 	4071 	3191 	2609 	2312 	1707 	1618 	39631 
PAS,PAS_BRD_ARR,ME_LYPG_BE_EBCI	: 	: 	: 	: 	4548 	4613 	4663 	4298 	1729 	1259 	1560 	1345 	1591 	1677 	1610 	1422 	1631 	1504 	1346 	1448 	18122 	4150 	4589 	4516 	4180 	1493 	1152 	1505 	1476 	1428 	1685 	1592 	1574 	1350 	1513 	1477 	1190 	17435 
PAS,PAS_BRD_ARR,ME_LYPG_CH_LSZH	: 	: 	: 	: 	2163 	5575 	3201 	1409 	761 	531 	871 	1155 	1588 	2832 	1258 	893 	1050 	493 	431 	485 	12348 	2027 	5747 	3311 	1615 	745 	411 	871 	1198 	1654 	2895 	1319 	1092 	900 	653 	434 	528 	12700 
PAS,PAS_BRD_ARR,ME_LYPG_DE_EDDB	: 	: 	: 	: 	4193 	4659 	4521 	3850 	1462 	1212 	1519 	1410 	1597 	1652 	1602 	1391 	1528 	1479 	1189 	1182 	17223 	: 	: 	: 	: 	: 	: 	: 	: 	: 	: 	: 	: 	: 	: 	: 	: 	: 
PAS,PAS_BRD_ARR,ME_LYPG_DE_EDDF	: 	: 	: 	: 	2147 	5349 	3304 	1491 	758 	422 	967 	1368 	1702 	2279 	1460 	904 	940 	612 	433 	446 	12291 	2237 	5451 	2921 	1860 	710 	445 	1082 	1473 	1698 	2280 	1245 	975 	701 	711 	556 	593 	12469 
PAS,PAS_BRD_ARR,ME_LYPG_DE_EDJA	: 	: 	: 	: 	3600 	4339 	4170 	2814 	1320 	937 	1343 	1204 	1553 	1582 	1489 	1279 	1402 	1207 	881 	726 	14923 	: 	: 	: 	: 	: 	: 	: 	: 	: 	: 	: 	: 	: 	: 	: 	: 	: 
PAS,PAS_BRD_ARR,ME_LYPG_FR_LFPG	: 	: 	: 	: 	2174 	7732 	5178 	1733 	801 	464 	909 	1824 	2550 	3358 	1625 	1915 	1638 	371 	766 	596 	16817 	2116 	7965 	6084 	1563 	724 	360 	1032 	1796 	2580 	3589 	1910 	2680 	1494 	497 	580 	486 	17728 
PAS,PAS_BRD_ARR,ME_LYPG_HU_LHBP	: 	: 	: 	: 	4428 	4244 	3714 	: 	1671 	1517 	1240 	1195 	1523 	1526 	1272 	1369 	1073 	: 	: 	: 	12386 	: 	: 	: 	: 	: 	: 	: 	: 	: 	: 	: 	: 	: 	: 	: 	: 	: 
PAS,PAS_BRD_ARR,ME_LYPG_IT_LIMC	: 	: 	: 	: 	3775 	3968 	4000 	2919 	1329 	1141 	1305 	1126 	1346 	1496 	1236 	1359 	1405 	1038 	897 	984 	14662 	: 	: 	: 	: 	: 	: 	: 	: 	: 	: 	: 	: 	: 	: 	: 	: 	: 
PAS,PAS_BRD_ARR,ME_LYPG_IT_LIRF	: 	: 	: 	: 	3911 	8264 	5840 	3561 	1082 	1060 	1769 	1911 	3025 	3328 	2335 	1845 	1660 	1302 	969 	1290 	21576 	3813 	6785 	5413 	3737 	1180 	1120 	1513 	1507 	2366 	2912 	2001 	1878 	1534 	1369 	1061 	1307 	19748 
PAS,PAS_BRD_ARR,ME_LYPG_RS_LYBE	29883 	11083 	9128 	9672 	34714 	41141 	37765 	32105 	11442 	11391 	11881 	12360 	12406 	16375 	13679 	12061 	12025 	11508 	9864 	10733 	145725 	34607 	39923 	36980 	28640 	11763 	11085 	11759 	12709 	12188 	15026 	13603 	12206 	11171 	10446 	9119 	9075 	140150 
PAS,PAS_BRD_ARR,ME_LYPG_RU_UUDD	: 	: 	: 	: 	: 	: 	: 	: 	: 	: 	: 	: 	: 	: 	: 	: 	: 	: 	: 	: 	: 	365 	10495 	4731 	64 	110 	: 	255 	1876 	3962 	4657 	4075 	656 	: 	: 	64 	: 	15655 
PAS,PAS_BRD_ARR,ME_LYPG_RU_UUWW	: 	: 	: 	: 	6 	9334 	4312 	: 	: 	: 	6 	2579 	3171 	3584 	3897 	415 	: 	: 	: 	: 	13652 	: 	: 	: 	: 	: 	: 	: 	: 	: 	: 	: 	: 	: 	: 	: 	: 	: 
PAS,PAS_BRD_ARR,ME_LYPG_SE_ESKN	: 	: 	: 	: 	3828 	4186 	4304 	: 	1228 	1138 	1462 	1314 	1194 	1678 	1603 	1262 	1439 	: 	: 	: 	12318 	: 	: 	: 	: 	: 	: 	: 	: 	: 	: 	: 	: 	: 	: 	: 	: 	: 
PAS,PAS_BRD_ARR,ME_LYPG_SI_LJLJ	: 	: 	: 	: 	6225 	9151 	5466 	3579 	2029 	1720 	2476 	2743 	3046 	3362 	2369 	1595 	1502 	1224 	1200 	1155 	24421 	4002 	6063 	4475 	3369 	1188 	1310 	1504 	1805 	1887 	2371 	1672 	1531 	1272 	1319 	1161 	889 	17909 
PAS,PAS_BRD_ARR,ME_LYPG_TR_LTBA	9521 	4014 	2699 	2808 	11244 	19098 	14644 	5834 	3167 	3263 	4814 	5498 	6926 	6674 	5951 	4891 	3802 	2693 	1661 	1480 	50820 	7529 	15200 	11855 	5798 	1933 	2063 	3533 	4808 	5154 	5238 	4246 	4351 	3258 	2384 	1719 	1695 	40382 
PAS,PAS_BRD_ARR,ME_LYPG_UK_EGSS	: 	: 	: 	: 	4666 	4629 	4668 	4346 	1648 	1457 	1561 	1383 	1571 	1675 	1419 	1623 	1626 	1638 	1367 	1341 	18309 	4443 	4648 	4667 	4327 	1762 	1178 	1503 	1355 	1628 	1665 	1634 	1623 	1410 	1631 	1358 	1338 	18085 
PAS,PAS_BRD_ARR,ME_LYTV_BY_UMMS	: 	: 	: 	: 	49 	12144 	4756 	: 	: 	: 	49 	2725 	4799 	4620 	4277 	411 	68 	: 	: 	: 	16949 	408 	11876 	3958 	: 	: 	: 	408 	2841 	4557 	4478 	3508 	402 	48 	: 	: 	: 	16242 
PAS,PAS_BRD_ARR,ME_LYTV_IL_LLBG	: 	: 	: 	: 	1845 	6169 	4780 	: 	: 	: 	1845 	2630 	1696 	1843 	2191 	1188 	1401 	: 	: 	: 	12794 	: 	: 	: 	: 	: 	: 	: 	: 	: 	: 	: 	: 	: 	: 	: 	: 	: 
PAS,PAS_BRD_ARR,ME_LYTV_RS_LYBE	: 	: 	: 	: 	15591 	49179 	31426 	11535 	4747 	4454 	6390 	11195 	17971 	20013 	15521 	8302 	7603 	4504 	3804 	3227 	107731 	14777 	55685 	31153 	11996 	4416 	4140 	6221 	12081 	19853 	23751 	16062 	8005 	7086 	4280 	3569 	4147 	113611 
PAS,PAS_BRD_ARR,ME_LYTV_RU_ULLI	: 	: 	: 	: 	363 	28587 	11584 	: 	: 	: 	363 	7034 	10376 	11177 	10197 	1217 	170 	: 	: 	: 	40534 	847 	21863 	8488 	42 	: 	: 	847 	5188 	8491 	8184 	7465 	858 	165 	: 	: 	42 	31240 
PAS,PAS_BRD_ARR,ME_LYTV_RU_UUDD	: 	: 	: 	: 	7584 	85410 	47506 	7654 	2167 	1648 	3769 	20741 	30928 	33741 	29892 	11318 	6296 	3404 	2205 	2045 	148154 	12151 	89623 	40527 	7176 	2989 	1959 	7203 	22493 	31844 	35286 	26113 	8746 	5668 	3147 	1659 	2370 	149477 
PAS,PAS_BRD_ARR,ME_LYTV_RU_UUEE	: 	: 	: 	: 	6610 	32398 	20163 	3689 	1379 	1859 	3372 	9346 	11383 	11669 	11230 	5157 	3776 	1633 	1057 	999 	62860 	6675 	30971 	19272 	4877 	1209 	1756 	3710 	8796 	11266 	10909 	10524 	5094 	3654 	2155 	1478 	1244 	61795 
PAS,PAS_BRD_ARR,ME_LYTV_RU_UUWW	: 	: 	: 	: 	4594 	21697 	10049 	: 	1566 	1408 	1620 	5342 	8009 	8346 	8143 	1906 	: 	: 	: 	: 	36340 	: 	12842 	4961 	: 	: 	: 	: 	3637 	4886 	4319 	4710 	251 	: 	: 	: 	: 	17803 
PAS,PAS_BRD_ARR,ME_LYTV_UA_UKKK	: 	: 	: 	: 	: 	16066 	5420 	: 	: 	: 	: 	3663 	6260 	6143 	3761 	1308 	351 	: 	: 	: 	21486 	355 	14369 	5125 	: 	: 	: 	355 	3530 	5586 	5253 	3963 	901 	261 	: 	: 	: 	19849 
PAS,PAS_BRD_ARR,ME_LYTV_UK_EGCC	: 	: 	: 	: 	1061 	4437 	4171 	270 	: 	: 	1061 	1320 	1492 	1625 	1358 	1424 	1389 	270 	: 	: 	9939 	: 	: 	: 	: 	: 	: 	: 	: 	: 	: 	: 	: 	: 	: 	: 	: 	: 
PAS,PAS_BRD_ARR,ME_LYTV_UK_EGKK	: 	: 	: 	: 	1303 	6857 	5565 	269 	: 	: 	1303 	1954 	2464 	2439 	2297 	1977 	1291 	269 	: 	: 	13994 	1179 	8671 	3126 	: 	: 	: 	1179 	2544 	2851 	3276 	2196 	867 	63 	: 	: 	: 	12976 
PAS,PAS_BRD_DEP,ME_LYPG_AT_LOWW	: 	: 	: 	: 	7521 	17499 	10751 	5573 	1521 	2275 	3725 	5228 	7088 	5183 	4017 	3768 	2966 	2124 	1622 	1827 	41344 	9458 	16249 	8716 	5742 	1881 	2477 	5100 	4828 	6933 	4488 	3143 	2983 	2590 	2160 	1810 	1772 	40165 
PAS,PAS_BRD_DEP,ME_LYPG_BE_EBCI	: 	: 	: 	: 	4827 	4791 	4663 	4416 	1782 	1425 	1620 	1500 	1700 	1591 	1590 	1445 	1628 	1526 	1362 	1528 	18697 	4532 	4732 	4502 	4214 	1558 	1365 	1609 	1675 	1504 	1553 	1522 	1576 	1404 	1401 	1492 	1321 	17980 
PAS,PAS_BRD_DEP,ME_LYPG_CH_LSZH	: 	: 	: 	: 	2472 	6117 	3122 	1862 	580 	736 	1156 	1742 	2700 	1675 	1088 	964 	1070 	526 	467 	869 	13573 	2300 	6179 	3190 	1876 	535 	577 	1188 	1615 	2807 	1757 	1075 	1307 	808 	575 	496 	805 	13545 
PAS,PAS_BRD_DEP,ME_LYPG_DE_EDDB	: 	: 	: 	: 	4700 	4766 	4683 	4226 	1504 	1528 	1668 	1489 	1681 	1596 	1578 	1567 	1538 	1466 	1352 	1408 	18375 	: 	: 	: 	: 	: 	: 	: 	: 	: 	: 	: 	: 	: 	: 	: 	: 	: 
PAS,PAS_BRD_DEP,ME_LYPG_DE_EDDF	: 	: 	: 	: 	2594 	5759 	3008 	1646 	620 	657 	1317 	1838 	2366 	1555 	1221 	820 	967 	547 	403 	696 	13007 	2445 	5696 	2816 	2013 	514 	559 	1372 	1923 	2304 	1469 	1060 	904 	852 	595 	541 	877 	12970 
PAS,PAS_BRD_DEP,ME_LYPG_DE_EDJA	: 	: 	: 	: 	4275 	4435 	4254 	3207 	1517 	1237 	1521 	1375 	1587 	1473 	1506 	1277 	1471 	1305 	913 	989 	16171 	: 	: 	: 	: 	: 	: 	: 	: 	: 	: 	: 	: 	: 	: 	: 	: 	: 
PAS,PAS_BRD_DEP,ME_LYPG_FR_LFPG	: 	: 	: 	: 	2211 	8070 	4520 	1715 	658 	571 	982 	2489 	3693 	1888 	1524 	1619 	1377 	355 	734 	626 	16516 	2420 	8313 	5669 	1639 	630 	447 	1343 	2346 	3678 	2289 	1777 	2697 	1195 	542 	484 	613 	18041 
PAS,PAS_BRD_DEP,ME_LYPG_HU_LHBP	: 	: 	: 	: 	4869 	4387 	3598 	: 	1652 	1762 	1455 	1396 	1549 	1442 	1149 	1215 	1234 	: 	: 	: 	12854 	: 	: 	: 	: 	: 	: 	: 	: 	: 	: 	: 	: 	: 	: 	: 	: 	: 
PAS,PAS_BRD_DEP,ME_LYPG_IT_LIMC	: 	: 	: 	: 	4096 	4472 	4064 	3445 	1360 	1265 	1471 	1535 	1521 	1416 	1246 	1430 	1388 	1152 	1062 	1231 	16077 	: 	: 	: 	: 	: 	: 	: 	: 	: 	: 	: 	: 	: 	: 	: 	: 	: 
PAS,PAS_BRD_DEP,ME_LYPG_IT_LIRF	: 	: 	: 	: 	4434 	9378 	5575 	3533 	1158 	1210 	2066 	3045 	3815 	2518 	2135 	1791 	1649 	1267 	951 	1315 	22920 	4138 	7401 	5175 	3765 	1176 	1259 	1703 	2334 	3158 	1909 	1877 	1693 	1605 	1304 	1112 	1349 	20479 
PAS,PAS_BRD_DEP,ME_LYPG_RS_LYBE	29769 	10589 	9409 	9771 	37127 	44740 	34723 	31598 	12621 	11637 	12869 	15275 	15882 	13583 	11693 	12152 	10878 	11584 	9821 	10193 	148188 	36416 	42857 	35264 	28187 	11830 	11676 	12910 	14486 	15485 	12886 	11966 	12508 	10790 	10067 	8939 	9181 	142724 
PAS,PAS_BRD_DEP,ME_LYPG_RU_UUDD	: 	: 	: 	: 	: 	: 	: 	: 	: 	: 	: 	: 	: 	: 	: 	: 	: 	: 	: 	: 	: 	655 	11727 	3038 	: 	65 	: 	590 	2589 	4424 	4714 	2870 	168 	: 	: 	: 	: 	15420 
PAS,PAS_BRD_DEP,ME_LYPG_RU_UUWW	: 	: 	: 	: 	190 	10363 	3176 	: 	: 	: 	190 	3586 	3172 	3605 	3167 	9 	: 	: 	: 	: 	13729 	: 	: 	: 	: 	: 	: 	: 	: 	: 	: 	: 	: 	: 	: 	: 	: 	: 
PAS,PAS_BRD_DEP,ME_LYPG_SE_ESKN	: 	: 	: 	: 	4082 	4672 	3648 	: 	1126 	1349 	1607 	1476 	1695 	1501 	1046 	1216 	1386 	: 	: 	: 	12402 	: 	: 	: 	: 	: 	: 	: 	: 	: 	: 	: 	: 	: 	: 	: 	: 	: 
PAS,PAS_BRD_DEP,ME_LYPG_SI_LJLJ	: 	: 	: 	: 	6462 	9670 	5324 	3947 	1806 	2086 	2570 	3280 	3534 	2856 	2195 	1799 	1330 	1516 	1220 	1211 	25403 	4392 	6592 	4545 	3632 	1198 	1498 	1696 	2257 	2358 	1977 	1568 	1605 	1372 	1377 	1204 	1051 	19161 
PAS,PAS_BRD_DEP,ME_LYPG_TR_LTBA	9702 	3684 	2972 	3046 	13353 	21073 	14225 	6600 	3263 	3733 	6357 	7143 	7218 	6712 	5397 	4819 	4009 	2788 	1972 	1840 	55251 	8728 	16593 	10985 	5708 	2130 	2466 	4132 	5526 	6256 	4811 	3753 	4016 	3216 	2182 	1656 	1870 	42014 
PAS,PAS_BRD_DEP,ME_LYPG_UK_EGSS	: 	: 	: 	: 	4425 	4788 	4508 	4757 	1238 	1551 	1636 	1516 	1678 	1594 	1383 	1559 	1566 	1579 	1363 	1815 	18478 	4453 	4752 	4724 	4702 	1361 	1439 	1653 	1498 	1690 	1564 	1629 	1626 	1469 	1520 	1394 	1788 	18631 
PAS,PAS_BRD_DEP,ME_LYTV_BY_UMMS	: 	: 	: 	: 	274 	13596 	3062 	: 	: 	: 	274 	3948 	4874 	4774 	2871 	178 	13 	: 	: 	: 	16932 	: 	12643 	2546 	: 	: 	: 	: 	4147 	3851 	4645 	2323 	223 	0 	: 	: 	: 	15189 
PAS,PAS_BRD_DEP,ME_LYTV_IL_LLBG	: 	: 	: 	: 	1775 	6491 	4377 	: 	: 	: 	1775 	2830 	1788 	1873 	2184 	852 	1341 	: 	: 	: 	12643 	: 	: 	: 	: 	: 	: 	: 	: 	: 	: 	: 	: 	: 	: 	: 	: 	: 
PAS,PAS_BRD_DEP,ME_LYTV_RS_LYBE	: 	: 	: 	: 	17443 	52797 	26324 	12258 	4319 	4660 	8464 	14328 	20619 	17850 	11625 	8196 	6503 	4306 	4048 	3904 	108822 	16951 	60954 	25637 	13135 	4247 	4431 	8273 	16066 	24129 	20759 	11625 	8405 	5607 	4234 	4034 	4867 	116677 
PAS,PAS_BRD_DEP,ME_LYTV_RU_ULLI	: 	: 	: 	: 	737 	33254 	7272 	: 	: 	: 	737 	10235 	11744 	11275 	6846 	361 	65 	: 	: 	: 	41263 	171 	25393 	4640 	107 	: 	: 	171 	7535 	9781 	8077 	4255 	364 	21 	: 	: 	107 	30311 
PAS,PAS_BRD_DEP,ME_LYTV_RU_UUDD	: 	: 	: 	: 	11820 	95576 	32383 	7909 	1344 	2670 	7806 	27379 	34989 	33208 	19767 	8132 	4484 	2795 	1947 	3167 	147688 	12860 	97842 	28013 	8181 	2239 	3075 	7546 	29393 	35061 	33388 	17012 	7582 	3419 	2914 	1802 	3465 	146896 
PAS,PAS_BRD_DEP,ME_LYTV_RU_UUEE	: 	: 	: 	: 	8156 	34583 	15080 	3214 	1111 	2339 	4706 	11261 	11628 	11694 	8154 	4131 	2795 	1200 	930 	1084 	61033 	7565 	32877 	13658 	4581 	971 	2115 	4479 	10878 	11408 	10591 	7457 	3676 	2525 	1561 	1247 	1773 	58681 
PAS,PAS_BRD_DEP,ME_LYTV_RU_UUWW	: 	: 	: 	: 	4822 	22443 	8175 	: 	1644 	1464 	1714 	6069 	8043 	8331 	6808 	1367 	: 	: 	: 	: 	35440 	: 	14449 	3884 	: 	: 	: 	: 	5189 	4946 	4314 	3871 	13 	: 	: 	: 	: 	18333 
PAS,PAS_BRD_DEP,ME_LYTV_UA_UKKK	: 	: 	: 	: 	: 	17184 	3677 	: 	: 	: 	: 	4859 	6101 	6224 	2480 	1091 	106 	: 	: 	: 	20861 	: 	14641 	3108 	: 	: 	: 	: 	4193 	5605 	4843 	2347 	728 	33 	: 	: 	: 	17749 
PAS,PAS_BRD_DEP,ME_LYTV_UK_EGCC	: 	: 	: 	: 	1417 	4694 	4089 	105 	: 	: 	1417 	1472 	1645 	1577 	1375 	1328 	1386 	105 	: 	: 	10305 	: 	: 	: 	: 	: 	: 	: 	: 	: 	: 	: 	: 	: 	: 	: 	: 	: 
PAS,PAS_BRD_DEP,ME_LYTV_UK_EGKK	: 	: 	: 	: 	2032 	8395 	5411 	156 	: 	: 	2032 	2716 	3010 	2669 	2330 	1855 	1226 	156 	: 	: 	15994 	1816 	8369 	2503 	: 	: 	: 	1816 	2782 	2877 	2710 	1818 	685 	0 	: 	: 	: 	12688 
PAS,PAS_CRD,ME_LYPG_AT_LOWW	: 	: 	: 	: 	13988 	33542 	22228 	10717 	3269 	4075 	6644 	9156 	12336 	12050 	8914 	7402 	5912 	4169 	3186 	3362 	80475 	18531 	31299 	18587 	11379 	3865 	4492 	10174 	8572 	12130 	10597 	7214 	6174 	5199 	4472 	3517 	3390 	79796 
PAS,PAS_CRD,ME_LYPG_BE_EBCI	: 	: 	: 	: 	9375 	9404 	9326 	8714 	3511 	2684 	3180 	2845 	3291 	3268 	3200 	2867 	3259 	3030 	2708 	2976 	36819 	8682 	9321 	9018 	8394 	3051 	2517 	3114 	3151 	2932 	3238 	3114 	3150 	2754 	2914 	2969 	2511 	35415 
PAS,PAS_CRD,ME_LYPG_CH_LSZH	: 	: 	: 	: 	4635 	11692 	6323 	3271 	1341 	1267 	2027 	2897 	4288 	4507 	2346 	1857 	2120 	1019 	898 	1354 	25921 	4327 	11926 	6501 	3491 	1280 	988 	2059 	2813 	4461 	4652 	2394 	2399 	1708 	1228 	930 	1333 	26245 
PAS,PAS_CRD,ME_LYPG_DE_EDDB	: 	: 	: 	: 	8893 	9425 	9204 	8076 	2966 	2740 	3187 	2899 	3278 	3248 	3180 	2958 	3066 	2945 	2541 	2590 	35598 	: 	: 	: 	: 	: 	: 	: 	: 	: 	: 	: 	: 	: 	: 	: 	: 	: 
PAS,PAS_CRD,ME_LYPG_DE_EDDF	: 	: 	: 	: 	4741 	11108 	6312 	3137 	1378 	1079 	2284 	3206 	4068 	3834 	2681 	1724 	1907 	1159 	836 	1142 	25298 	4682 	11147 	5737 	3873 	1224 	1004 	2454 	3396 	4002 	3749 	2305 	1879 	1553 	1306 	1097 	1470 	25439 
PAS,PAS_CRD,ME_LYPG_DE_EDJA	: 	: 	: 	: 	7875 	8774 	8424 	6021 	2837 	2174 	2864 	2579 	3140 	3055 	2995 	2556 	2873 	2512 	1794 	1715 	31094 	: 	: 	: 	: 	: 	: 	: 	: 	: 	: 	: 	: 	: 	: 	: 	: 	: 
PAS,PAS_CRD,ME_LYPG_FR_LFPG	: 	: 	: 	: 	4385 	15802 	9698 	3448 	1459 	1035 	1891 	4313 	6243 	5246 	3149 	3534 	3015 	726 	1500 	1222 	33333 	4536 	16278 	11753 	3202 	1354 	807 	2375 	4142 	6258 	5878 	3687 	5377 	2689 	1039 	1064 	1099 	35769 
PAS,PAS_CRD,ME_LYPG_HU_LHBP	: 	: 	: 	: 	9297 	8631 	7312 	: 	3323 	3279 	2695 	2591 	3072 	2968 	2421 	2584 	2307 	: 	: 	: 	25240 	: 	: 	: 	: 	: 	: 	: 	: 	: 	: 	: 	: 	: 	: 	: 	: 	: 
PAS,PAS_CRD,ME_LYPG_IT_LIMC	: 	: 	: 	: 	7871 	8440 	8064 	6364 	2689 	2406 	2776 	2661 	2867 	2912 	2482 	2789 	2793 	2190 	1959 	2215 	30739 	: 	: 	: 	: 	: 	: 	: 	: 	: 	: 	: 	: 	: 	: 	: 	: 	: 
PAS,PAS_CRD,ME_LYPG_IT_LIRF	: 	: 	: 	: 	8345 	17642 	11415 	7094 	2240 	2270 	3835 	4956 	6840 	5846 	4470 	3636 	3309 	2569 	1920 	2605 	44496 	7951 	14186 	10588 	7502 	2356 	2379 	3216 	3841 	5524 	4821 	3878 	3571 	3139 	2673 	2173 	2656 	40227 
PAS,PAS_CRD,ME_LYPG_RS_LYBE	59652 	21672 	18537 	19443 	71841 	85881 	72488 	63703 	24063 	23028 	24750 	27635 	28288 	29958 	25372 	24213 	22903 	23092 	19685 	20926 	293913 	71023 	82780 	72244 	56827 	23593 	22761 	24669 	27195 	27673 	27912 	25569 	24714 	21961 	20513 	18058 	18256 	282874 
PAS,PAS_CRD,ME_LYPG_RU_UUDD	: 	: 	: 	: 	: 	: 	: 	: 	: 	: 	: 	: 	: 	: 	: 	: 	: 	: 	: 	: 	: 	1020 	22222 	7769 	64 	175 	: 	845 	4465 	8386 	9371 	6945 	824 	: 	: 	64 	: 	31075 
PAS,PAS_CRD,ME_LYPG_RU_UUWW	: 	: 	: 	: 	196 	19697 	7488 	: 	: 	: 	196 	6165 	6343 	7189 	7064 	424 	: 	: 	: 	: 	27381 	: 	: 	: 	: 	: 	: 	: 	: 	: 	: 	: 	: 	: 	: 	: 	: 	: 
PAS,PAS_CRD,ME_LYPG_SE_ESKN	: 	: 	: 	: 	7910 	8858 	7952 	: 	2354 	2487 	3069 	2790 	2889 	3179 	2649 	2478 	2825 	: 	: 	: 	24720 	: 	: 	: 	: 	: 	: 	: 	: 	: 	: 	: 	: 	: 	: 	: 	: 	: 
PAS,PAS_CRD,ME_LYPG_SI_LJLJ	: 	: 	: 	: 	12687 	18821 	10790 	7526 	3835 	3806 	5046 	6023 	6580 	6218 	4564 	3394 	2832 	2740 	2420 	2366 	49824 	8394 	12655 	9020 	7001 	2386 	2808 	3200 	4062 	4245 	4348 	3240 	3136 	2644 	2696 	2365 	1940 	37070 
PAS,PAS_CRD,ME_LYPG_TR_LTBA	19223 	7698 	5671 	5854 	24597 	40171 	28869 	12434 	6430 	6996 	11171 	12641 	14144 	13386 	11348 	9710 	7811 	5481 	3633 	3320 	106071 	16257 	31793 	22840 	11506 	4063 	4529 	7665 	10334 	11410 	10049 	7999 	8367 	6474 	4566 	3375 	3565 	82396 
PAS,PAS_CRD,ME_LYPG_UK_EGSS	: 	: 	: 	: 	9091 	9417 	9176 	9103 	2886 	3008 	3197 	2899 	3249 	3269 	2802 	3182 	3192 	3217 	2730 	3156 	36787 	8896 	9400 	9391 	9029 	3123 	2617 	3156 	2853 	3318 	3229 	3263 	3249 	2879 	3151 	2752 	3126 	36716 
PAS,PAS_CRD,ME_LYTV_BY_UMMS	: 	: 	: 	: 	323 	25740 	7818 	: 	: 	: 	323 	6673 	9673 	9394 	7148 	589 	81 	: 	: 	: 	33881 	408 	24519 	6504 	: 	: 	: 	408 	6988 	8408 	9123 	5831 	625 	48 	: 	: 	: 	31431 
PAS,PAS_CRD,ME_LYTV_IL_LLBG	: 	: 	: 	: 	3620 	12660 	9157 	: 	: 	: 	3620 	5460 	3484 	3716 	4375 	2040 	2742 	: 	: 	: 	25437 	: 	: 	: 	: 	: 	: 	: 	: 	: 	: 	: 	: 	: 	: 	: 	: 	: 
PAS,PAS_CRD,ME_LYTV_RS_LYBE	: 	: 	: 	: 	33034 	101976 	57750 	23793 	9066 	9114 	14854 	25523 	38590 	37863 	27146 	16498 	14106 	8810 	7852 	7131 	216553 	31728 	116639 	56790 	25131 	8663 	8571 	14494 	28147 	43982 	44510 	27687 	16410 	12693 	8514 	7603 	9014 	230288 
PAS,PAS_CRD,ME_LYTV_RU_ULLI	: 	: 	: 	: 	1100 	61841 	18856 	: 	: 	: 	1100 	17269 	22120 	22452 	17043 	1578 	235 	: 	: 	: 	81797 	1018 	47256 	13128 	149 	: 	: 	1018 	12723 	18272 	16261 	11720 	1222 	186 	: 	: 	149 	61551 
PAS,PAS_CRD,ME_LYTV_RU_UUDD	: 	: 	: 	: 	19404 	180986 	79889 	15563 	3511 	4318 	11575 	48120 	65917 	66949 	49659 	19450 	10780 	6199 	4152 	5212 	295842 	25011 	187465 	68540 	15357 	5228 	5034 	14749 	51886 	66905 	68674 	43125 	16328 	9087 	6061 	3461 	5835 	296373 
PAS,PAS_CRD,ME_LYTV_RU_UUEE	: 	: 	: 	: 	14766 	66981 	35243 	6903 	2490 	4198 	8078 	20607 	23011 	23363 	19384 	9288 	6571 	2833 	1987 	2083 	123893 	14240 	63848 	32930 	9458 	2180 	3871 	8189 	19674 	22674 	21500 	17981 	8770 	6179 	3716 	2725 	3017 	120476 
PAS,PAS_CRD,ME_LYTV_RU_UUWW	: 	: 	: 	: 	9416 	44140 	18224 	: 	3210 	2872 	3334 	11411 	16052 	16677 	14951 	3273 	: 	: 	: 	: 	71780 	: 	27291 	8845 	: 	: 	: 	: 	8826 	9832 	8633 	8581 	264 	: 	: 	: 	: 	36136 
PAS,PAS_CRD,ME_LYTV_UA_UKKK	: 	: 	: 	: 	: 	33250 	9097 	: 	: 	: 	: 	8522 	12361 	12367 	6241 	2399 	457 	: 	: 	: 	42347 	355 	29010 	8233 	: 	: 	: 	355 	7723 	11191 	10096 	6310 	1629 	294 	: 	: 	: 	37598 
PAS,PAS_CRD,ME_LYTV_UK_EGCC	: 	: 	: 	: 	2478 	9131 	8260 	375 	: 	: 	2478 	2792 	3137 	3202 	2733 	2752 	2775 	375 	: 	: 	20244 	: 	: 	: 	: 	: 	: 	: 	: 	: 	: 	: 	: 	: 	: 	: 	: 	: 
PAS,PAS_CRD,ME_LYTV_UK_EGKK	: 	: 	: 	: 	3335 	15252 	10976 	425 	: 	: 	3335 	4670 	5474 	5108 	4627 	3832 	2517 	425 	: 	: 	29988 	2995 	17040 	5629 	: 	: 	: 	2995 	5326 	5728 	5986 	4014 	1552 	63 	: 	: 	: 	25664 
PAS,PAS_CRD_ARR,ME_LYPG_AT_LOWW	: 	: 	: 	: 	6467 	16043 	11477 	5144 	1748 	1800 	2919 	3928 	5248 	6867 	4897 	3634 	2946 	2045 	1564 	1535 	39131 	9073 	15050 	9871 	5637 	1984 	2015 	5074 	3744 	5197 	6109 	4071 	3191 	2609 	2312 	1707 	1618 	39631 
PAS,PAS_CRD_ARR,ME_LYPG_BE_EBCI	: 	: 	: 	: 	4548 	4613 	4663 	4298 	1729 	1259 	1560 	1345 	1591 	1677 	1610 	1422 	1631 	1504 	1346 	1448 	18122 	4150 	4589 	4516 	4180 	1493 	1152 	1505 	1476 	1428 	1685 	1592 	1574 	1350 	1513 	1477 	1190 	17435 
PAS,PAS_CRD_ARR,ME_LYPG_CH_LSZH	: 	: 	: 	: 	2163 	5575 	3201 	1409 	761 	531 	871 	1155 	1588 	2832 	1258 	893 	1050 	493 	431 	485 	12348 	2027 	5747 	3311 	1615 	745 	411 	871 	1198 	1654 	2895 	1319 	1092 	900 	653 	434 	528 	12700 
PAS,PAS_CRD_ARR,ME_LYPG_DE_EDDB	: 	: 	: 	: 	4193 	4659 	4521 	3850 	1462 	1212 	1519 	1410 	1597 	1652 	1602 	1391 	1528 	1479 	1189 	1182 	17223 	: 	: 	: 	: 	: 	: 	: 	: 	: 	: 	: 	: 	: 	: 	: 	: 	: 
PAS,PAS_CRD_ARR,ME_LYPG_DE_EDDF	: 	: 	: 	: 	2147 	5349 	3304 	1491 	758 	422 	967 	1368 	1702 	2279 	1460 	904 	940 	612 	433 	446 	12291 	2237 	5451 	2921 	1860 	710 	445 	1082 	1473 	1698 	2280 	1245 	975 	701 	711 	556 	593 	12469 
PAS,PAS_CRD_ARR,ME_LYPG_DE_EDJA	: 	: 	: 	: 	3600 	4339 	4170 	2814 	1320 	937 	1343 	1204 	1553 	1582 	1489 	1279 	1402 	1207 	881 	726 	14923 	: 	: 	: 	: 	: 	: 	: 	: 	: 	: 	: 	: 	: 	: 	: 	: 	: 
PAS,PAS_CRD_ARR,ME_LYPG_FR_LFPG	: 	: 	: 	: 	2174 	7732 	5178 	1733 	801 	464 	909 	1824 	2550 	3358 	1625 	1915 	1638 	371 	766 	596 	16817 	2116 	7965 	6084 	1563 	724 	360 	1032 	1796 	2580 	3589 	1910 	2680 	1494 	497 	580 	486 	17728 
PAS,PAS_CRD_ARR,ME_LYPG_HU_LHBP	: 	: 	: 	: 	4428 	4244 	3714 	: 	1671 	1517 	1240 	1195 	1523 	1526 	1272 	1369 	1073 	: 	: 	: 	12386 	: 	: 	: 	: 	: 	: 	: 	: 	: 	: 	: 	: 	: 	: 	: 	: 	: 
PAS,PAS_CRD_ARR,ME_LYPG_IT_LIMC	: 	: 	: 	: 	3775 	3968 	4000 	2919 	1329 	1141 	1305 	1126 	1346 	1496 	1236 	1359 	1405 	1038 	897 	984 	14662 	: 	: 	: 	: 	: 	: 	: 	: 	: 	: 	: 	: 	: 	: 	: 	: 	: 
PAS,PAS_CRD_ARR,ME_LYPG_IT_LIRF	: 	: 	: 	: 	3911 	8264 	5840 	3561 	1082 	1060 	1769 	1911 	3025 	3328 	2335 	1845 	1660 	1302 	969 	1290 	21576 	3813 	6785 	5413 	3737 	1180 	1120 	1513 	1507 	2366 	2912 	2001 	1878 	1534 	1369 	1061 	1307 	19748 
PAS,PAS_CRD_ARR,ME_LYPG_RS_LYBE	29883 	11083 	9128 	9672 	34714 	41141 	37765 	32105 	11442 	11391 	11881 	12360 	12406 	16375 	13679 	12061 	12025 	11508 	9864 	10733 	145725 	34607 	39923 	36980 	28640 	11763 	11085 	11759 	12709 	12188 	15026 	13603 	12206 	11171 	10446 	9119 	9075 	140150 
PAS,PAS_CRD_ARR,ME_LYPG_RU_UUDD	: 	: 	: 	: 	: 	: 	: 	: 	: 	: 	: 	: 	: 	: 	: 	: 	: 	: 	: 	: 	: 	365 	10495 	4731 	64 	110 	: 	255 	1876 	3962 	4657 	4075 	656 	: 	: 	64 	: 	15655 
PAS,PAS_CRD_ARR,ME_LYPG_RU_UUWW	: 	: 	: 	: 	6 	9334 	4312 	: 	: 	: 	6 	2579 	3171 	3584 	3897 	415 	: 	: 	: 	: 	13652 	: 	: 	: 	: 	: 	: 	: 	: 	: 	: 	: 	: 	: 	: 	: 	: 	: 
PAS,PAS_CRD_ARR,ME_LYPG_SE_ESKN	: 	: 	: 	: 	3828 	4186 	4304 	: 	1228 	1138 	1462 	1314 	1194 	1678 	1603 	1262 	1439 	: 	: 	: 	12318 	: 	: 	: 	: 	: 	: 	: 	: 	: 	: 	: 	: 	: 	: 	: 	: 	: 
PAS,PAS_CRD_ARR,ME_LYPG_SI_LJLJ	: 	: 	: 	: 	6225 	9151 	5466 	3579 	2029 	1720 	2476 	2743 	3046 	3362 	2369 	1595 	1502 	1224 	1200 	1155 	24421 	4002 	6063 	4475 	3369 	1188 	1310 	1504 	1805 	1887 	2371 	1672 	1531 	1272 	1319 	1161 	889 	17909 
PAS,PAS_CRD_ARR,ME_LYPG_TR_LTBA	9521 	4014 	2699 	2808 	11244 	19098 	14644 	5834 	3167 	3263 	4814 	5498 	6926 	6674 	5951 	4891 	3802 	2693 	1661 	1480 	50820 	7529 	15200 	11855 	5798 	1933 	2063 	3533 	4808 	5154 	5238 	4246 	4351 	3258 	2384 	1719 	1695 	40382 
PAS,PAS_CRD_ARR,ME_LYPG_UK_EGSS	: 	: 	: 	: 	4666 	4629 	4668 	4346 	1648 	1457 	1561 	1383 	1571 	1675 	1419 	1623 	1626 	1638 	1367 	1341 	18309 	4443 	4648 	4667 	4327 	1762 	1178 	1503 	1355 	1628 	1665 	1634 	1623 	1410 	1631 	1358 	1338 	18085 
PAS,PAS_CRD_ARR,ME_LYTV_BY_UMMS	: 	: 	: 	: 	49 	12144 	4756 	: 	: 	: 	49 	2725 	4799 	4620 	4277 	411 	68 	: 	: 	: 	16949 	408 	11876 	3958 	: 	: 	: 	408 	2841 	4557 	4478 	3508 	402 	48 	: 	: 	: 	16242 
PAS,PAS_CRD_ARR,ME_LYTV_IL_LLBG	: 	: 	: 	: 	1845 	6169 	4780 	: 	: 	: 	1845 	2630 	1696 	1843 	2191 	1188 	1401 	: 	: 	: 	12794 	: 	: 	: 	: 	: 	: 	: 	: 	: 	: 	: 	: 	: 	: 	: 	: 	: 
PAS,PAS_CRD_ARR,ME_LYTV_RS_LYBE	: 	: 	: 	: 	15591 	49179 	31426 	11535 	4747 	4454 	6390 	11195 	17971 	20013 	15521 	8302 	7603 	4504 	3804 	3227 	107731 	14777 	55685 	31153 	11996 	4416 	4140 	6221 	12081 	19853 	23751 	16062 	8005 	7086 	4280 	3569 	4147 	113611 
PAS,PAS_CRD_ARR,ME_LYTV_RU_ULLI	: 	: 	: 	: 	363 	28587 	11584 	: 	: 	: 	363 	7034 	10376 	11177 	10197 	1217 	170 	: 	: 	: 	40534 	847 	21863 	8488 	42 	: 	: 	847 	5188 	8491 	8184 	7465 	858 	165 	: 	: 	42 	31240 
PAS,PAS_CRD_ARR,ME_LYTV_RU_UUDD	: 	: 	: 	: 	7584 	85410 	47506 	7654 	2167 	1648 	3769 	20741 	30928 	33741 	29892 	11318 	6296 	3404 	2205 	2045 	148154 	12151 	89623 	40527 	7176 	2989 	1959 	7203 	22493 	31844 	35286 	26113 	8746 	5668 	3147 	1659 	2370 	149477 
PAS,PAS_CRD_ARR,ME_LYTV_RU_UUEE	: 	: 	: 	: 	6610 	32398 	20163 	3689 	1379 	1859 	3372 	9346 	11383 	11669 	11230 	5157 	3776 	1633 	1057 	999 	62860 	6675 	30971 	19272 	4877 	1209 	1756 	3710 	8796 	11266 	10909 	10524 	5094 	3654 	2155 	1478 	1244 	61795 
PAS,PAS_CRD_ARR,ME_LYTV_RU_UUWW	: 	: 	: 	: 	4594 	21697 	10049 	: 	1566 	1408 	1620 	5342 	8009 	8346 	8143 	1906 	: 	: 	: 	: 	36340 	: 	12842 	4961 	: 	: 	: 	: 	3637 	4886 	4319 	4710 	251 	: 	: 	: 	: 	17803 
PAS,PAS_CRD_ARR,ME_LYTV_UA_UKKK	: 	: 	: 	: 	: 	16066 	5420 	: 	: 	: 	: 	3663 	6260 	6143 	3761 	1308 	351 	: 	: 	: 	21486 	355 	14369 	5125 	: 	: 	: 	355 	3530 	5586 	5253 	3963 	901 	261 	: 	: 	: 	19849 
PAS,PAS_CRD_ARR,ME_LYTV_UK_EGCC	: 	: 	: 	: 	1061 	4437 	4171 	270 	: 	: 	1061 	1320 	1492 	1625 	1358 	1424 	1389 	270 	: 	: 	9939 	: 	: 	: 	: 	: 	: 	: 	: 	: 	: 	: 	: 	: 	: 	: 	: 	: 
PAS,PAS_CRD_ARR,ME_LYTV_UK_EGKK	: 	: 	: 	: 	1303 	6857 	5565 	269 	: 	: 	1303 	1954 	2464 	2439 	2297 	1977 	1291 	269 	: 	: 	13994 	1179 	8671 	3126 	: 	: 	: 	1179 	2544 	2851 	3276 	2196 	867 	63 	: 	: 	: 	12976 
PAS,PAS_CRD_DEP,ME_LYPG_AT_LOWW	: 	: 	: 	: 	7521 	17499 	10751 	5573 	1521 	2275 	3725 	5228 	7088 	5183 	4017 	3768 	2966 	2124 	1622 	1827 	41344 	9458 	16249 	8716 	5742 	1881 	2477 	5100 	4828 	6933 	4488 	3143 	2983 	2590 	2160 	1810 	1772 	40165 
PAS,PAS_CRD_DEP,ME_LYPG_BE_EBCI	: 	: 	: 	: 	4827 	4791 	4663 	4416 	1782 	1425 	1620 	1500 	1700 	1591 	1590 	1445 	1628 	1526 	1362 	1528 	18697 	4532 	4732 	4502 	4214 	1558 	1365 	1609 	1675 	1504 	1553 	1522 	1576 	1404 	1401 	1492 	1321 	17980 
PAS,PAS_CRD_DEP,ME_LYPG_CH_LSZH	: 	: 	: 	: 	2472 	6117 	3122 	1862 	580 	736 	1156 	1742 	2700 	1675 	1088 	964 	1070 	526 	467 	869 	13573 	2300 	6179 	3190 	1876 	535 	577 	1188 	1615 	2807 	1757 	1075 	1307 	808 	575 	496 	805 	13545 
PAS,PAS_CRD_DEP,ME_LYPG_DE_EDDB	: 	: 	: 	: 	4700 	4766 	4683 	4226 	1504 	1528 	1668 	1489 	1681 	1596 	1578 	1567 	1538 	1466 	1352 	1408 	18375 	: 	: 	: 	: 	: 	: 	: 	: 	: 	: 	: 	: 	: 	: 	: 	: 	: 
PAS,PAS_CRD_DEP,ME_LYPG_DE_EDDF	: 	: 	: 	: 	2594 	5759 	3008 	1646 	620 	657 	1317 	1838 	2366 	1555 	1221 	820 	967 	547 	403 	696 	13007 	2445 	5696 	2816 	2013 	514 	559 	1372 	1923 	2304 	1469 	1060 	904 	852 	595 	541 	877 	12970 
PAS,PAS_CRD_DEP,ME_LYPG_DE_EDJA	: 	: 	: 	: 	4275 	4435 	4254 	3207 	1517 	1237 	1521 	1375 	1587 	1473 	1506 	1277 	1471 	1305 	913 	989 	16171 	: 	: 	: 	: 	: 	: 	: 	: 	: 	: 	: 	: 	: 	: 	: 	: 	: 
PAS,PAS_CRD_DEP,ME_LYPG_FR_LFPG	: 	: 	: 	: 	2211 	8070 	4520 	1715 	658 	571 	982 	2489 	3693 	1888 	1524 	1619 	1377 	355 	734 	626 	16516 	2420 	8313 	5669 	1639 	630 	447 	1343 	2346 	3678 	2289 	1777 	2697 	1195 	542 	484 	613 	18041 
PAS,PAS_CRD_DEP,ME_LYPG_HU_LHBP	: 	: 	: 	: 	4869 	4387 	3598 	: 	1652 	1762 	1455 	1396 	1549 	1442 	1149 	1215 	1234 	: 	: 	: 	12854 	: 	: 	: 	: 	: 	: 	: 	: 	: 	: 	: 	: 	: 	: 	: 	: 	: 
PAS,PAS_CRD_DEP,ME_LYPG_IT_LIMC	: 	: 	: 	: 	4096 	4472 	4064 	3445 	1360 	1265 	1471 	1535 	1521 	1416 	1246 	1430 	1388 	1152 	1062 	1231 	16077 	: 	: 	: 	: 	: 	: 	: 	: 	: 	: 	: 	: 	: 	: 	: 	: 	: 
PAS,PAS_CRD_DEP,ME_LYPG_IT_LIRF	: 	: 	: 	: 	4434 	9378 	5575 	3533 	1158 	1210 	2066 	3045 	3815 	2518 	2135 	1791 	1649 	1267 	951 	1315 	22920 	4138 	7401 	5175 	3765 	1176 	1259 	1703 	2334 	3158 	1909 	1877 	1693 	1605 	1304 	1112 	1349 	20479 
PAS,PAS_CRD_DEP,ME_LYPG_RS_LYBE	29769 	10589 	9409 	9771 	37127 	44740 	34723 	31598 	12621 	11637 	12869 	15275 	15882 	13583 	11693 	12152 	10878 	11584 	9821 	10193 	148188 	36416 	42857 	35264 	28187 	11830 	11676 	12910 	14486 	15485 	12886 	11966 	12508 	10790 	10067 	8939 	9181 	142724 
PAS,PAS_CRD_DEP,ME_LYPG_RU_UUDD	: 	: 	: 	: 	: 	: 	: 	: 	: 	: 	: 	: 	: 	: 	: 	: 	: 	: 	: 	: 	: 	655 	11727 	3038 	: 	65 	: 	590 	2589 	4424 	4714 	2870 	168 	: 	: 	: 	: 	15420 
PAS,PAS_CRD_DEP,ME_LYPG_RU_UUWW	: 	: 	: 	: 	190 	10363 	3176 	: 	: 	: 	190 	3586 	3172 	3605 	3167 	9 	: 	: 	: 	: 	13729 	: 	: 	: 	: 	: 	: 	: 	: 	: 	: 	: 	: 	: 	: 	: 	: 	: 
PAS,PAS_CRD_DEP,ME_LYPG_SE_ESKN	: 	: 	: 	: 	4082 	4672 	3648 	: 	1126 	1349 	1607 	1476 	1695 	1501 	1046 	1216 	1386 	: 	: 	: 	12402 	: 	: 	: 	: 	: 	: 	: 	: 	: 	: 	: 	: 	: 	: 	: 	: 	: 
PAS,PAS_CRD_DEP,ME_LYPG_SI_LJLJ	: 	: 	: 	: 	6462 	9670 	5324 	3947 	1806 	2086 	2570 	3280 	3534 	2856 	2195 	1799 	1330 	1516 	1220 	1211 	25403 	4392 	6592 	4545 	3632 	1198 	1498 	1696 	2257 	2358 	1977 	1568 	1605 	1372 	1377 	1204 	1051 	19161 
PAS,PAS_CRD_DEP,ME_LYPG_TR_LTBA	9702 	3684 	2972 	3046 	13353 	21073 	14225 	6600 	3263 	3733 	6357 	7143 	7218 	6712 	5397 	4819 	4009 	2788 	1972 	1840 	55251 	8728 	16593 	10985 	5708 	2130 	2466 	4132 	5526 	6256 	4811 	3753 	4016 	3216 	2182 	1656 	1870 	42014 
PAS,PAS_CRD_DEP,ME_LYPG_UK_EGSS	: 	: 	: 	: 	4425 	4788 	4508 	4757 	1238 	1551 	1636 	1516 	1678 	1594 	1383 	1559 	1566 	1579 	1363 	1815 	18478 	4453 	4752 	4724 	4702 	1361 	1439 	1653 	1498 	1690 	1564 	1629 	1626 	1469 	1520 	1394 	1788 	18631 
PAS,PAS_CRD_DEP,ME_LYTV_BY_UMMS	: 	: 	: 	: 	274 	13596 	3062 	: 	: 	: 	274 	3948 	4874 	4774 	2871 	178 	13 	: 	: 	: 	16932 	: 	12643 	2546 	: 	: 	: 	: 	4147 	3851 	4645 	2323 	223 	: 	: 	: 	: 	15189 
PAS,PAS_CRD_DEP,ME_LYTV_IL_LLBG	: 	: 	: 	: 	1775 	6491 	4377 	: 	: 	: 	1775 	2830 	1788 	1873 	2184 	852 	1341 	: 	: 	: 	12643 	: 	: 	: 	: 	: 	: 	: 	: 	: 	: 	: 	: 	: 	: 	: 	: 	: 
PAS,PAS_CRD_DEP,ME_LYTV_RS_LYBE	: 	: 	: 	: 	17443 	52797 	26324 	12258 	4319 	4660 	8464 	14328 	20619 	17850 	11625 	8196 	6503 	4306 	4048 	3904 	108822 	16951 	60954 	25637 	13135 	4247 	4431 	8273 	16066 	24129 	20759 	11625 	8405 	5607 	4234 	4034 	4867 	116677 
PAS,PAS_CRD_DEP,ME_LYTV_RU_ULLI	: 	: 	: 	: 	737 	33254 	7272 	: 	: 	: 	737 	10235 	11744 	11275 	6846 	361 	65 	: 	: 	: 	41263 	171 	25393 	4640 	107 	: 	: 	171 	7535 	9781 	8077 	4255 	364 	21 	: 	: 	107 	30311 
PAS,PAS_CRD_DEP,ME_LYTV_RU_UUDD	: 	: 	: 	: 	11820 	95576 	32383 	7909 	1344 	2670 	7806 	27379 	34989 	33208 	19767 	8132 	4484 	2795 	1947 	3167 	147688 	12860 	97842 	28013 	8181 	2239 	3075 	7546 	29393 	35061 	33388 	17012 	7582 	3419 	2914 	1802 	3465 	146896 
PAS,PAS_CRD_DEP,ME_LYTV_RU_UUEE	: 	: 	: 	: 	8156 	34583 	15080 	3214 	1111 	2339 	4706 	11261 	11628 	11694 	8154 	4131 	2795 	1200 	930 	1084 	61033 	7565 	32877 	13658 	4581 	971 	2115 	4479 	10878 	11408 	10591 	7457 	3676 	2525 	1561 	1247 	1773 	58681 
PAS,PAS_CRD_DEP,ME_LYTV_RU_UUWW	: 	: 	: 	: 	4822 	22443 	8175 	: 	1644 	1464 	1714 	6069 	8043 	8331 	6808 	1367 	: 	: 	: 	: 	35440 	: 	14449 	3884 	: 	: 	: 	: 	5189 	4946 	4314 	3871 	13 	: 	: 	: 	: 	18333 
PAS,PAS_CRD_DEP,ME_LYTV_UA_UKKK	: 	: 	: 	: 	: 	17184 	3677 	: 	: 	: 	: 	4859 	6101 	6224 	2480 	1091 	106 	: 	: 	: 	20861 	: 	14641 	3108 	: 	: 	: 	: 	4193 	5605 	4843 	2347 	728 	33 	: 	: 	: 	17749 
PAS,PAS_CRD_DEP,ME_LYTV_UK_EGCC	: 	: 	: 	: 	1417 	4694 	4089 	105 	: 	: 	1417 	1472 	1645 	1577 	1375 	1328 	1386 	105 	: 	: 	10305 	: 	: 	: 	: 	: 	: 	: 	: 	: 	: 	: 	: 	: 	: 	: 	: 	: 
PAS,PAS_CRD_DEP,ME_LYTV_UK_EGKK	: 	: 	: 	: 	2032 	8395 	5411 	156 	: 	: 	2032 	2716 	3010 	2669 	2330 	1855 	1226 	156 	: 	: 	15994 	1816 	8369 	2503 	: 	: 	: 	1816 	2782 	2877 	2710 	1818 	685 	: 	: 	: 	: 	12688 
SEAT,ST_PAS,ME_LYPG_AT_LOWW	: 	: 	: 	: 	22506 	41177 	34351 	18876 	5890 	6442 	10174 	11648 	14851 	14678 	12604 	11874 	9873 	7102 	5802 	5972 	116910 	26704 	38836 	30050 	19218 	6292 	6746 	13666 	11010 	14582 	13244 	11212 	9540 	9298 	6850 	6208 	6160 	114808 
SEAT,ST_PAS,ME_LYPG_BE_EBCI	: 	: 	: 	: 	10208 	9861 	9828 	9840 	3780 	3024 	3404 	3032 	3413 	3416 	3402 	3024 	3402 	3402 	3024 	3414 	39737 	9828 	9828 	9828 	9828 	3402 	3024 	3402 	3402 	3024 	3402 	3402 	3402 	3024 	3402 	3402 	3024 	39312 
SEAT,ST_PAS,ME_LYPG_CH_LSZH	: 	: 	: 	: 	8620 	16190 	12384 	7795 	2524 	2728 	3368 	4325 	5755 	6110 	4716 	4022 	3646 	2703 	2274 	2818 	44989 	9088 	16084 	12558 	6896 	2946 	2552 	3590 	4524 	5628 	5932 	5148 	4026 	3384 	2288 	1856 	2752 	44626 
SEAT,ST_PAS,ME_LYPG_DE_EDDB	: 	: 	: 	: 	10208 	9833 	10034 	9816 	3402 	3402 	3404 	3030 	3404 	3399 	3438 	3194 	3402 	3402 	3024 	3390 	39891 	: 	: 	: 	: 	: 	: 	: 	: 	: 	: 	: 	: 	: 	: 	: 	: 	: 
SEAT,ST_PAS,ME_LYPG_DE_EDDF	: 	: 	: 	: 	7621 	13584 	9976 	6160 	2468 	2018 	3135 	3938 	4837 	4809 	4372 	2818 	2786 	2192 	1744 	2224 	37341 	7770 	13692 	10154 	6480 	2322 	1856 	3592 	4138 	4624 	4930 	4224 	2946 	2984 	2072 	1856 	2552 	38096 
SEAT,ST_PAS,ME_LYPG_DE_EDJA	: 	: 	: 	: 	9544 	9370 	9360 	8820 	3421 	2880 	3243 	2883 	3242 	3245 	3240 	2880 	3240 	3240 	2880 	2700 	37094 	: 	: 	: 	: 	: 	: 	: 	: 	: 	: 	: 	: 	: 	: 	: 	: 	: 
SEAT,ST_PAS,ME_LYPG_FR_LFPG	: 	: 	: 	: 	7012 	20665 	15825 	6482 	2784 	1828 	2400 	5357 	7945 	7363 	5474 	5163 	5188 	1690 	2272 	2520 	49984 	8288 	21202 	18248 	6248 	2536 	1856 	3896 	5476 	8038 	7688 	5884 	7908 	4456 	2088 	1840 	2320 	53986 
SEAT,ST_PAS,ME_LYPG_HU_LHBP	: 	: 	: 	: 	15360 	9420 	9176 	: 	5980 	6010 	3370 	2940 	3240 	3240 	2880 	3300 	2996 	: 	: 	: 	33956 	: 	: 	: 	: 	: 	: 	: 	: 	: 	: 	: 	: 	: 	: 	: 	: 	: 
SEAT,ST_PAS,ME_LYPG_IT_LIMC	: 	: 	: 	: 	9363 	9720 	9360 	9000 	3243 	2880 	3240 	3240 	3240 	3240 	2880 	3240 	3240 	2880 	2880 	3240 	37443 	: 	: 	: 	: 	: 	: 	: 	: 	: 	: 	: 	: 	: 	: 	: 	: 	: 
SEAT,ST_PAS,ME_LYPG_IT_LIRF	: 	: 	: 	: 	17984 	26444 	24300 	15360 	5136 	4960 	7888 	7956 	9314 	9174 	8324 	7910 	8066 	5624 	4560 	5176 	84088 	16176 	20030 	18226 	15680 	5100 	4902 	6174 	6072 	7148 	6810 	6158 	6062 	6006 	5432 	5056 	5192 	70112 
SEAT,ST_PAS,ME_LYPG_RS_LYBE	87724 	28973 	26861 	31890 	91988 	99314 	96212 	91674 	30818 	27125 	34045 	31746 	33074 	34494 	31011 	32935 	32266 	31782 	29502 	30390 	379188 	92080 	96882 	99016 	82139 	30978 	29644 	31458 	30996 	32866 	33020 	31883 	33976 	33157 	28193 	25349 	28597 	370117 
SEAT,ST_PAS,ME_LYPG_RU_UUDD	: 	: 	: 	: 	: 	: 	: 	: 	: 	: 	: 	: 	: 	: 	: 	: 	: 	: 	: 	: 	: 	1480 	25634 	10696 	116 	232 	: 	1248 	5420 	9664 	10550 	9496 	1200 	: 	: 	116 	: 	37926 
SEAT,ST_PAS,ME_LYPG_RU_UUWW	: 	: 	: 	: 	379 	20760 	8245 	: 	: 	: 	379 	7040 	6451 	7269 	7616 	629 	: 	: 	: 	: 	29384 	: 	: 	: 	: 	: 	: 	: 	: 	: 	: 	: 	: 	: 	: 	: 	: 	: 
SEAT,ST_PAS,ME_LYPG_SE_ESKN	: 	: 	: 	: 	9451 	9837 	9816 	: 	3025 	3024 	3402 	3024 	3413 	3400 	3390 	3024 	3402 	: 	: 	: 	29104 	: 	: 	: 	: 	: 	: 	: 	: 	: 	: 	: 	: 	: 	: 	: 	: 	: 
SEAT,ST_PAS,ME_LYPG_SI_LJLJ	: 	: 	: 	: 	23139 	23183 	18471 	14886 	7518 	7251 	8370 	7527 	7711 	7945 	7271 	6274 	4926 	5300 	4524 	5062 	79679 	14658 	15448 	15272 	14830 	4406 	5142 	5110 	5126 	5030 	5292 	5196 	5012 	5064 	5400 	4912 	4518 	60208 
SEAT,ST_PAS,ME_LYPG_TR_LTBA	26250 	10290 	7424 	8536 	33752 	52254 	46398 	22678 	8486 	8728 	16538 	18134 	17798 	16322 	16326 	15472 	14600 	9564 	6630 	6484 	155082 	31960 	47074 	42944 	21514 	8382 	8518 	15060 	15600 	15824 	15650 	14244 	15040 	13660 	8196 	6586 	6732 	143492 
SEAT,ST_PAS,ME_LYPG_UK_EGSS	: 	: 	: 	: 	10233 	9840 	9816 	10206 	3416 	3396 	3421 	3011 	3432 	3397 	3018 	3396 	3402 	3402 	3024 	3780 	40095 	10200 	9828 	9828 	10200 	3774 	3024 	3402 	3024 	3402 	3402 	3402 	3402 	3024 	3402 	3024 	3774 	40056 
SEAT,ST_PAS,ME_LYTV_BY_UMMS	: 	: 	: 	: 	692 	29428 	10220 	: 	: 	: 	692 	8828 	10599 	10001 	9140 	928 	152 	: 	: 	: 	40340 	810 	25235 	8482 	: 	: 	: 	810 	8028 	8249 	8958 	7440 	882 	160 	: 	: 	: 	34527 
SEAT,ST_PAS,ME_LYTV_IL_LLBG	: 	: 	: 	: 	4160 	14197 	12065 	: 	: 	: 	4160 	6141 	3712 	4344 	5560 	3030 	3475 	: 	: 	: 	30422 	: 	: 	: 	: 	: 	: 	: 	: 	: 	: 	: 	: 	: 	: 	: 	: 	: 
SEAT,ST_PAS,ME_LYTV_RS_LYBE	: 	: 	: 	: 	48950 	112170 	78688 	40657 	14554 	13142 	21254 	29777 	41873 	40520 	33370 	23770 	21548 	15840 	13296 	11521 	280465 	50641 	134878 	82177 	40603 	14409 	13952 	22280 	35100 	49394 	50384 	37110 	23576 	21491 	14241 	12259 	14103 	308299 
SEAT,ST_PAS,ME_LYTV_RU_ULLI	: 	: 	: 	: 	1623 	77326 	26197 	: 	: 	: 	1623 	23132 	26620 	27574 	23210 	2707 	280 	: 	: 	: 	105146 	1512 	58755 	20556 	232 	: 	: 	1512 	16903 	21458 	20394 	18260 	1960 	336 	: 	: 	232 	81055 
SEAT,ST_PAS,ME_LYTV_RU_UUDD	: 	: 	: 	: 	33567 	210860 	106917 	21624 	8278 	8083 	17206 	58173 	77014 	75673 	66690 	26295 	13932 	7662 	5650 	8312 	372968 	37192 	209384 	96384 	26880 	9644 	7716 	19832 	62385 	73741 	73258 	59390 	23262 	13732 	9386 	7140 	10354 	369840 
SEAT,ST_PAS,ME_LYTV_RU_UUEE	: 	: 	: 	: 	23298 	87923 	50906 	11120 	4653 	6924 	11721 	27101 	30547 	30275 	28556 	13174 	9176 	4644 	2688 	3788 	173247 	21884 	79636 	46258 	18974 	4028 	6560 	11296 	25924 	27758 	25954 	24618 	11996 	9644 	6642 	5578 	6754 	166752 
SEAT,ST_PAS,ME_LYTV_RU_UUWW	: 	: 	: 	: 	10285 	46396 	20542 	: 	3478 	3105 	3702 	12099 	16902 	17395 	16482 	4060 	: 	: 	: 	: 	77223 	: 	30556 	10656 	: 	: 	: 	: 	10782 	10616 	9158 	10158 	498 	: 	: 	: 	: 	41212 
SEAT,ST_PAS,ME_LYTV_UA_UKKK	: 	: 	: 	: 	: 	41977 	12832 	: 	: 	: 	: 	11009 	14188 	16780 	8894 	3138 	800 	: 	: 	: 	54809 	760 	34380 	11290 	: 	: 	: 	760 	10020 	12370 	11990 	8410 	2280 	600 	: 	: 	: 	46430 
SEAT,ST_PAS,ME_LYTV_UK_EGCC	: 	: 	: 	: 	3054 	10680 	9664 	720 	: 	: 	3054 	3315 	3660 	3705 	3000 	3352 	3312 	720 	: 	: 	24118 	: 	: 	: 	: 	: 	: 	: 	: 	: 	: 	: 	: 	: 	: 	: 	: 	: 
SEAT,ST_PAS,ME_LYTV_UK_EGKK	: 	: 	: 	: 	4672 	17333 	13282 	700 	: 	: 	4672 	5269 	6059 	6005 	5488 	4520 	3274 	700 	: 	: 	35987 	4230 	19534 	7598 	: 	: 	: 	4230 	6104 	6456 	6974 	5300 	2066 	232 	: 	: 	: 	31362 
SEAT,ST_PAS_ARR,ME_LYPG_AT_LOWW	: 	: 	: 	: 	11253 	20571 	17228 	9438 	2945 	3221 	5087 	5820 	7400 	7351 	6302 	5937 	4989 	3551 	2901 	2986 	58490 	13442 	19418 	15025 	9609 	3146 	3373 	6923 	5505 	7291 	6622 	5606 	4770 	4649 	3425 	3104 	3080 	57494 
SEAT,ST_PAS_ARR,ME_LYPG_BE_EBCI	: 	: 	: 	: 	5105 	4928 	4914 	4920 	1890 	1512 	1703 	1512 	1701 	1715 	1701 	1512 	1701 	1701 	1512 	1707 	19867 	4914 	4914 	4914 	4914 	1701 	1512 	1701 	1701 	1512 	1701 	1701 	1701 	1512 	1701 	1701 	1512 	19656 
SEAT,ST_PAS_ARR,ME_LYPG_CH_LSZH	: 	: 	: 	: 	4310 	8099 	6192 	4239 	1262 	1364 	1684 	2160 	2869 	3070 	2358 	2011 	1823 	1559 	1238 	1442 	22840 	4373 	8042 	6244 	3448 	1392 	1276 	1705 	2262 	2814 	2966 	2539 	2013 	1692 	1144 	928 	1376 	22107 
SEAT,ST_PAS_ARR,ME_LYPG_DE_EDDB	: 	: 	: 	: 	5103 	4914 	4932 	4908 	1701 	1701 	1701 	1512 	1701 	1701 	1719 	1512 	1701 	1701 	1512 	1695 	19857 	: 	: 	: 	: 	: 	: 	: 	: 	: 	: 	: 	: 	: 	: 	: 	: 	: 
SEAT,ST_PAS_ARR,ME_LYPG_DE_EDDF	: 	: 	: 	: 	3810 	6716 	4988 	3080 	1234 	1009 	1567 	1906 	2398 	2412 	2186 	1409 	1393 	1096 	872 	1112 	18594 	3957 	6792 	5077 	3240 	1233 	928 	1796 	2069 	2258 	2465 	2112 	1473 	1492 	1036 	928 	1276 	19066 
SEAT,ST_PAS_ARR,ME_LYPG_DE_EDJA	: 	: 	: 	: 	4680 	4685 	4680 	4320 	1620 	1440 	1620 	1440 	1620 	1625 	1620 	1440 	1620 	1620 	1440 	1260 	18365 	: 	: 	: 	: 	: 	: 	: 	: 	: 	: 	: 	: 	: 	: 	: 	: 	: 
SEAT,ST_PAS_ARR,ME_LYPG_FR_LFPG	: 	: 	: 	: 	3560 	10299 	7986 	3274 	1392 	914 	1254 	2666 	3940 	3693 	2737 	2655 	2594 	878 	1136 	1260 	25119 	4144 	10601 	9264 	3124 	1268 	928 	1948 	2738 	4019 	3844 	2942 	4070 	2252 	1044 	920 	1160 	27133 
SEAT,ST_PAS_ARR,ME_LYPG_HU_LHBP	: 	: 	: 	: 	7710 	4710 	4530 	: 	2990 	3020 	1700 	1470 	1620 	1620 	1440 	1650 	1440 	: 	: 	: 	16950 	: 	: 	: 	: 	: 	: 	: 	: 	: 	: 	: 	: 	: 	: 	: 	: 	: 
SEAT,ST_PAS_ARR,ME_LYPG_IT_LIMC	: 	: 	: 	: 	4683 	4860 	4680 	4500 	1623 	1440 	1620 	1620 	1620 	1620 	1440 	1620 	1620 	1440 	1440 	1620 	18723 	: 	: 	: 	: 	: 	: 	: 	: 	: 	: 	: 	: 	: 	: 	: 	: 	: 
SEAT,ST_PAS_ARR,ME_LYPG_IT_LIRF	: 	: 	: 	: 	8992 	13221 	12150 	7680 	2568 	2480 	3944 	3978 	4656 	4587 	4162 	3955 	4033 	2812 	2280 	2588 	42043 	8030 	10015 	9069 	7840 	2550 	2393 	3087 	3036 	3574 	3405 	3035 	3031 	3003 	2716 	2528 	2596 	34954 
SEAT,ST_PAS_ARR,ME_LYPG_RS_LYBE	44069 	14763 	13361 	15945 	45653 	49276 	48313 	46263 	14968 	13560 	17125 	15712 	16226 	17338 	15560 	16620 	16133 	15858 	14900 	15505 	189505 	46151 	48441 	49580 	41193 	15473 	14949 	15729 	15498 	16491 	16452 	15963 	17044 	16573 	14149 	12765 	14279 	185365 
SEAT,ST_PAS_ARR,ME_LYPG_RU_UUDD	: 	: 	: 	: 	: 	: 	: 	: 	: 	: 	: 	: 	: 	: 	: 	: 	: 	: 	: 	: 	: 	740 	12759 	5406 	116 	116 	: 	624 	2710 	4774 	5275 	4748 	658 	: 	: 	116 	: 	19021 
SEAT,ST_PAS_ARR,ME_LYPG_RU_UUWW	: 	: 	: 	: 	189 	10274 	4217 	: 	: 	: 	189 	3413 	3225 	3636 	3808 	409 	: 	: 	: 	: 	14680 	: 	: 	: 	: 	: 	: 	: 	: 	: 	: 	: 	: 	: 	: 	: 	: 	: 
SEAT,ST_PAS_ARR,ME_LYPG_SE_ESKN	: 	: 	: 	: 	4725 	4915 	4908 	: 	1512 	1512 	1701 	1512 	1701 	1702 	1695 	1512 	1701 	: 	: 	: 	14548 	: 	: 	: 	: 	: 	: 	: 	: 	: 	: 	: 	: 	: 	: 	: 	: 	: 
SEAT,ST_PAS_ARR,ME_LYPG_SI_LJLJ	: 	: 	: 	: 	11525 	11627 	9181 	7394 	3716 	3624 	4185 	3761 	3889 	3977 	3581 	3137 	2463 	2566 	2262 	2566 	39727 	7329 	7724 	7612 	7415 	2203 	2571 	2555 	2563 	2515 	2646 	2598 	2506 	2508 	2700 	2456 	2259 	30080 
SEAT,ST_PAS_ARR,ME_LYPG_TR_LTBA	13036 	5056 	3712 	4268 	16876 	26121 	23199 	11339 	4243 	4364 	8269 	9063 	8901 	8157 	8163 	7736 	7300 	4782 	3315 	3242 	77535 	15980 	23537 	21472 	10757 	4191 	4259 	7530 	7800 	7912 	7825 	7122 	7520 	6830 	4098 	3293 	3366 	71746 
SEAT,ST_PAS_ARR,ME_LYPG_UK_EGSS	: 	: 	: 	: 	5124 	4909 	4908 	5103 	1715 	1698 	1711 	1488 	1704 	1717 	1509 	1698 	1701 	1701 	1512 	1890 	20044 	5100 	4914 	4914 	5100 	1887 	1512 	1701 	1512 	1701 	1701 	1701 	1701 	1512 	1701 	1512 	1887 	20028 
SEAT,ST_PAS_ARR,ME_LYTV_BY_UMMS	: 	: 	: 	: 	346 	14681 	5110 	: 	: 	: 	346 	4404 	5302 	4975 	4570 	464 	76 	: 	: 	: 	20137 	810 	12892 	4108 	: 	: 	: 	810 	4014 	4473 	4405 	3587 	441 	80 	: 	: 	: 	17810 
SEAT,ST_PAS_ARR,ME_LYTV_IL_LLBG	: 	: 	: 	: 	2173 	6976 	6317 	: 	: 	: 	2173 	3065 	1797 	2114 	2780 	1515 	2022 	: 	: 	: 	15466 	: 	: 	: 	: 	: 	: 	: 	: 	: 	: 	: 	: 	: 	: 	: 	: 	: 
SEAT,ST_PAS_ARR,ME_LYTV_RS_LYBE	: 	: 	: 	: 	24242 	55908 	39228 	19762 	7279 	6510 	10453 	14757 	20738 	20413 	16627 	11827 	10774 	7862 	6474 	5426 	139140 	25268 	67323 	40982 	20013 	7145 	6983 	11140 	17608 	24639 	25076 	18439 	11788 	10755 	7068 	5957 	6988 	153586 
SEAT,ST_PAS_ARR,ME_LYTV_RU_ULLI	: 	: 	: 	: 	809 	38223 	13090 	: 	: 	: 	809 	11359 	13121 	13743 	11607 	1343 	140 	: 	: 	: 	52122 	1302 	29173 	10500 	116 	: 	: 	1302 	8451 	10595 	10127 	9352 	980 	168 	: 	: 	116 	41091 
SEAT,ST_PAS_ARR,ME_LYTV_RU_UUDD	: 	: 	: 	: 	16859 	105901 	53815 	10464 	4139 	4028 	8692 	28919 	38709 	38273 	33401 	13448 	6966 	3773 	2767 	3924 	187039 	20702 	104988 	47854 	13208 	4822 	3800 	12080 	31251 	37145 	36592 	29415 	11573 	6866 	4635 	3454 	5119 	186752 
SEAT,ST_PAS_ARR,ME_LYTV_RU_UUEE	: 	: 	: 	: 	11694 	43659 	25603 	5560 	2374 	3462 	5858 	13248 	15272 	15139 	14278 	6737 	4588 	2322 	1344 	1894 	86516 	11122 	39818 	23134 	9487 	2014 	3280 	5828 	12962 	13879 	12977 	12309 	5998 	4827 	3321 	2789 	3377 	83561 
SEAT,ST_PAS_ARR,ME_LYTV_RU_UUWW	: 	: 	: 	: 	5140 	23061 	10271 	: 	1742 	1550 	1848 	5913 	8450 	8698 	8241 	2030 	: 	: 	: 	: 	38472 	: 	15278 	5328 	: 	: 	: 	: 	5391 	5308 	4579 	5079 	249 	: 	: 	: 	: 	20606 
SEAT,ST_PAS_ARR,ME_LYTV_UA_UKKK	: 	: 	: 	: 	: 	21013 	6500 	: 	: 	: 	: 	5558 	7177 	8278 	4531 	1569 	400 	: 	: 	: 	27513 	760 	17550 	6000 	: 	: 	: 	760 	5175 	6250 	6125 	4470 	1230 	300 	: 	: 	: 	24310 
SEAT,ST_PAS_ARR,ME_LYTV_UK_EGCC	: 	: 	: 	: 	1526 	5330 	4832 	360 	: 	: 	1526 	1658 	1818 	1854 	1500 	1676 	1656 	360 	: 	: 	12048 	: 	: 	: 	: 	: 	: 	: 	: 	: 	: 	: 	: 	: 	: 	: 	: 	: 
SEAT,ST_PAS_ARR,ME_LYTV_UK_EGKK	: 	: 	: 	: 	2174 	7903 	6525 	350 	: 	: 	2174 	2401 	2789 	2713 	2628 	2260 	1637 	350 	: 	: 	16952 	2057 	9767 	3799 	: 	: 	: 	2057 	3052 	3228 	3487 	2650 	1033 	116 	: 	: 	: 	15623 
SEAT,ST_PAS_DEP,ME_LYPG_AT_LOWW	: 	: 	: 	: 	11253 	20606 	17123 	9438 	2945 	3221 	5087 	5828 	7451 	7327 	6302 	5937 	4884 	3551 	2901 	2986 	58420 	13262 	19418 	15025 	9609 	3146 	3373 	6743 	5505 	7291 	6622 	5606 	4770 	4649 	3425 	3104 	3080 	57314 
SEAT,ST_PAS_DEP,ME_LYPG_BE_EBCI	: 	: 	: 	: 	5103 	4933 	4914 	4920 	1890 	1512 	1701 	1520 	1712 	1701 	1701 	1512 	1701 	1701 	1512 	1707 	19870 	4914 	4914 	4914 	4914 	1701 	1512 	1701 	1701 	1512 	1701 	1701 	1701 	1512 	1701 	1701 	1512 	19656 
SEAT,ST_PAS_DEP,ME_LYPG_CH_LSZH	: 	: 	: 	: 	4310 	8091 	6192 	3556 	1262 	1364 	1684 	2165 	2886 	3040 	2358 	2011 	1823 	1144 	1036 	1376 	22149 	4715 	8042 	6314 	3448 	1554 	1276 	1885 	2262 	2814 	2966 	2609 	2013 	1692 	1144 	928 	1376 	22519 
SEAT,ST_PAS_DEP,ME_LYPG_DE_EDDB	: 	: 	: 	: 	5105 	4919 	5102 	4908 	1701 	1701 	1703 	1518 	1703 	1698 	1719 	1682 	1701 	1701 	1512 	1695 	20034 	: 	: 	: 	: 	: 	: 	: 	: 	: 	: 	: 	: 	: 	: 	: 	: 	: 
SEAT,ST_PAS_DEP,ME_LYPG_DE_EDDF	: 	: 	: 	: 	3811 	6868 	4988 	3080 	1234 	1009 	1568 	2032 	2439 	2397 	2186 	1409 	1393 	1096 	872 	1112 	18747 	3813 	6900 	5077 	3240 	1089 	928 	1796 	2069 	2366 	2465 	2112 	1473 	1492 	1036 	928 	1276 	19030 
SEAT,ST_PAS_DEP,ME_LYPG_DE_EDJA	: 	: 	: 	: 	4864 	4685 	4680 	4500 	1801 	1440 	1623 	1443 	1622 	1620 	1620 	1440 	1620 	1620 	1440 	1440 	18729 	: 	: 	: 	: 	: 	: 	: 	: 	: 	: 	: 	: 	: 	: 	: 	: 	: 
SEAT,ST_PAS_DEP,ME_LYPG_FR_LFPG	: 	: 	: 	: 	3452 	10366 	7839 	3208 	1392 	914 	1146 	2691 	4005 	3670 	2737 	2508 	2594 	812 	1136 	1260 	24865 	4144 	10601 	8984 	3124 	1268 	928 	1948 	2738 	4019 	3844 	2942 	3838 	2204 	1044 	920 	1160 	26853 
SEAT,ST_PAS_DEP,ME_LYPG_HU_LHBP	: 	: 	: 	: 	7650 	4710 	4646 	: 	2990 	2990 	1670 	1470 	1620 	1620 	1440 	1650 	1556 	: 	: 	: 	17006 	: 	: 	: 	: 	: 	: 	: 	: 	: 	: 	: 	: 	: 	: 	: 	: 	: 
SEAT,ST_PAS_DEP,ME_LYPG_IT_LIMC	: 	: 	: 	: 	4680 	4860 	4680 	4500 	1620 	1440 	1620 	1620 	1620 	1620 	1440 	1620 	1620 	1440 	1440 	1620 	18720 	: 	: 	: 	: 	: 	: 	: 	: 	: 	: 	: 	: 	: 	: 	: 	: 	: 
SEAT,ST_PAS_DEP,ME_LYPG_IT_LIRF	: 	: 	: 	: 	8992 	13223 	12150 	7680 	2568 	2480 	3944 	3978 	4658 	4587 	4162 	3955 	4033 	2812 	2280 	2588 	42045 	8146 	10015 	9157 	7840 	2550 	2509 	3087 	3036 	3574 	3405 	3123 	3031 	3003 	2716 	2528 	2596 	35158 
SEAT,ST_PAS_DEP,ME_LYPG_RS_LYBE	43655 	14210 	13500 	15945 	46335 	50038 	47899 	45411 	15850 	13565 	16920 	16034 	16848 	17156 	15451 	16315 	16133 	15924 	14602 	14885 	189683 	45929 	48441 	49436 	40946 	15505 	14695 	15729 	15498 	16375 	16568 	15920 	16932 	16584 	14044 	12584 	14318 	184752 
SEAT,ST_PAS_DEP,ME_LYPG_RU_UUDD	: 	: 	: 	: 	: 	: 	: 	: 	: 	: 	: 	: 	: 	: 	: 	: 	: 	: 	: 	: 	: 	740 	12875 	5290 	: 	116 	: 	624 	2710 	4890 	5275 	4748 	542 	: 	: 	: 	: 	18905 
SEAT,ST_PAS_DEP,ME_LYPG_RU_UUWW	: 	: 	: 	: 	190 	10486 	4028 	: 	: 	: 	190 	3627 	3226 	3633 	3808 	220 	: 	: 	: 	: 	14704 	: 	: 	: 	: 	: 	: 	: 	: 	: 	: 	: 	: 	: 	: 	: 	: 	: 
SEAT,ST_PAS_DEP,ME_LYPG_SE_ESKN	: 	: 	: 	: 	4726 	4922 	4908 	: 	1513 	1512 	1701 	1512 	1712 	1698 	1695 	1512 	1701 	: 	: 	: 	14556 	: 	: 	: 	: 	: 	: 	: 	: 	: 	: 	: 	: 	: 	: 	: 	: 	: 
SEAT,ST_PAS_DEP,ME_LYPG_SI_LJLJ	: 	: 	: 	: 	11614 	11556 	9290 	7492 	3802 	3627 	4185 	3766 	3822 	3968 	3690 	3137 	2463 	2734 	2262 	2496 	39952 	7329 	7724 	7660 	7415 	2203 	2571 	2555 	2563 	2515 	2646 	2598 	2506 	2556 	2700 	2456 	2259 	30128 
SEAT,ST_PAS_DEP,ME_LYPG_TR_LTBA	13214 	5234 	3712 	4268 	16876 	26133 	23199 	11339 	4243 	4364 	8269 	9071 	8897 	8165 	8163 	7736 	7300 	4782 	3315 	3242 	77547 	15980 	23537 	21472 	10757 	4191 	4259 	7530 	7800 	7912 	7825 	7122 	7520 	6830 	4098 	3293 	3366 	71746 
SEAT,ST_PAS_DEP,ME_LYPG_UK_EGSS	: 	: 	: 	: 	5109 	4931 	4908 	5103 	1701 	1698 	1710 	1523 	1728 	1680 	1509 	1698 	1701 	1701 	1512 	1890 	20051 	5100 	4914 	4914 	5100 	1887 	1512 	1701 	1512 	1701 	1701 	1701 	1701 	1512 	1701 	1512 	1887 	20028 
SEAT,ST_PAS_DEP,ME_LYTV_BY_UMMS	: 	: 	: 	: 	346 	14747 	5110 	: 	: 	: 	346 	4424 	5297 	5026 	4570 	464 	76 	: 	: 	: 	20203 	: 	12343 	4374 	: 	: 	: 	: 	4014 	3776 	4553 	3853 	441 	80 	: 	: 	: 	16717 
SEAT,ST_PAS_DEP,ME_LYTV_IL_LLBG	: 	: 	: 	: 	1987 	7221 	5748 	: 	: 	: 	1987 	3076 	1915 	2230 	2780 	1515 	1453 	: 	: 	: 	14956 	: 	: 	: 	: 	: 	: 	: 	: 	: 	: 	: 	: 	: 	: 	: 	: 	: 
SEAT,ST_PAS_DEP,ME_LYTV_RS_LYBE	: 	: 	: 	: 	24708 	56262 	39460 	20895 	7275 	6632 	10801 	15020 	21135 	20107 	16743 	11943 	10774 	7978 	6822 	6095 	141325 	25373 	67555 	41195 	20590 	7264 	6969 	11140 	17492 	24755 	25308 	18671 	11788 	10736 	7173 	6302 	7115 	154713 
SEAT,ST_PAS_DEP,ME_LYTV_RU_ULLI	: 	: 	: 	: 	814 	39103 	13107 	: 	: 	: 	814 	11773 	13499 	13831 	11603 	1364 	140 	: 	: 	: 	53024 	210 	29582 	10056 	116 	: 	: 	210 	8452 	10863 	10267 	8908 	980 	168 	: 	: 	116 	39964 
SEAT,ST_PAS_DEP,ME_LYTV_RU_UUDD	: 	: 	: 	: 	16708 	104959 	53102 	11160 	4139 	4055 	8514 	29254 	38305 	37400 	33289 	12847 	6966 	3889 	2883 	4388 	185929 	16490 	104396 	48530 	13672 	4822 	3916 	7752 	31134 	36596 	36666 	29975 	11689 	6866 	4751 	3686 	5235 	183088 
SEAT,ST_PAS_DEP,ME_LYTV_RU_UUEE	: 	: 	: 	: 	11604 	44264 	25303 	5560 	2279 	3462 	5863 	13853 	15275 	15136 	14278 	6437 	4588 	2322 	1344 	1894 	86731 	10762 	39818 	23124 	9487 	2014 	3280 	5468 	12962 	13879 	12977 	12309 	5998 	4817 	3321 	2789 	3377 	83191 
SEAT,ST_PAS_DEP,ME_LYTV_RU_UUWW	: 	: 	: 	: 	5145 	23335 	10271 	: 	1736 	1555 	1854 	6186 	8452 	8697 	8241 	2030 	: 	: 	: 	: 	38751 	: 	15278 	5328 	: 	: 	: 	: 	5391 	5308 	4579 	5079 	249 	: 	: 	: 	: 	20606 
SEAT,ST_PAS_DEP,ME_LYTV_UA_UKKK	: 	: 	: 	: 	: 	20964 	6332 	: 	: 	: 	: 	5451 	7011 	8502 	4363 	1569 	400 	: 	: 	: 	27296 	: 	16830 	5290 	: 	: 	: 	: 	4845 	6120 	5865 	3940 	1050 	300 	: 	: 	: 	22120 
SEAT,ST_PAS_DEP,ME_LYTV_UK_EGCC	: 	: 	: 	: 	1528 	5350 	4832 	360 	: 	: 	1528 	1657 	1842 	1851 	1500 	1676 	1656 	360 	: 	: 	12070 	: 	: 	: 	: 	: 	: 	: 	: 	: 	: 	: 	: 	: 	: 	: 	: 	: 
SEAT,ST_PAS_DEP,ME_LYTV_UK_EGKK	: 	: 	: 	: 	2498 	9430 	6757 	350 	: 	: 	2498 	2868 	3270 	3292 	2860 	2260 	1637 	350 	: 	: 	19035 	2173 	9767 	3799 	: 	: 	: 	2173 	3052 	3228 	3487 	2650 	1033 	116 	: 	: 	: 	15739 
